Id,Purchase,WeekofPurchase,StoreID,PriceCH,PriceMM,DiscCH,DiscMM,SpecialCH,SpecialMM,LoyalCH,SalePriceMM,SalePriceCH,PriceDiff,Store7,PctDiscMM,PctDiscCH,ListPriceDiff,STORE
1,CH,237,1,1.75,1.99,0,0,0,0,0.5,1.99,1.75,0.24,No,0,0,0.24,1
2,CH,239,1,1.75,1.99,0,0.3,0,1,0.6,1.69,1.75,-0.06,No,0.150754,0,0.24,1
3,CH,245,1,1.86,2.09,0.17,0,0,0,0.68,2.09,1.69,0.4,No,0,0.091398,0.23,1
4,MM,227,1,1.69,1.69,0,0,0,0,0.4,1.69,1.69,0,No,0,0,0,1
5,CH,228,7,1.69,1.69,0,0,0,0,0.956535,1.69,1.69,0,Yes,0,0,0,0
6,CH,230,7,1.69,1.99,0,0,0,1,0.965228,1.99,1.69,0.3,Yes,0,0,0.3,0
7,CH,232,7,1.69,1.99,0,0.4,1,1,0.972182,1.59,1.69,-0.1,Yes,0.201005,0,0.3,0
8,CH,234,7,1.75,1.99,0,0.4,1,0,0.977746,1.59,1.75,-0.16,Yes,0.201005,0,0.24,0
9,CH,235,7,1.75,1.99,0,0.4,0,0,0.982197,1.59,1.75,-0.16,Yes,0.201005,0,0.24,0
10,CH,238,7,1.75,1.99,0,0.4,0,0,0.985757,1.59,1.75,-0.16,Yes,0.201005,0,0.24,0
11,CH,240,7,1.86,2.09,0,0,0,0,0.988606,2.09,1.86,0.23,Yes,0,0,0.23,0
12,CH,263,7,1.86,2.13,0.27,0,0,0,0.990885,2.13,1.59,0.54,Yes,0,0.145161,0.27,0
13,CH,276,7,1.99,2.13,0,0.54,0,1,0.992708,1.59,1.99,-0.4,Yes,0.253521,0,0.14,0
14,CH,268,7,1.86,2.13,0,0,0,0,0.68,2.13,1.86,0.27,Yes,0,0,0.27,0
15,CH,278,7,2.06,2.13,0,0,0,0,0.744,2.13,2.06,0.07,Yes,0,0,0.07,0
16,CH,278,7,2.06,2.13,0,0,0,0,0.7952,2.13,2.06,0.07,Yes,0,0,0.07,0
17,MM,240,1,1.75,1.99,0,0.3,0,1,0.5,1.69,1.75,-0.06,No,0.150754,0,0.24,1
18,MM,268,2,1.86,2.18,0,0,0,1,0.4,2.18,1.86,0.32,No,0,0,0.32,2
19,MM,269,2,1.86,2.18,0,0,0,0,0.32,2.18,1.86,0.32,No,0,0,0.32,2
20,CH,254,7,1.86,2.18,0,0,0,0,0.5,2.18,1.86,0.32,Yes,0,0,0.32,0
21,CH,257,7,1.86,2.18,0,0,0,0,0.6,2.18,1.86,0.32,Yes,0,0,0.32,0
22,CH,258,1,1.76,2.18,0,0,0,0,0.68,2.18,1.76,0.42,No,0,0,0.42,1
23,CH,259,7,1.86,2.18,0,0,0,0,0.744,2.18,1.86,0.32,Yes,0,0,0.32,0
24,CH,264,7,1.86,2.13,0.37,0,1,0,0.7952,2.13,1.49,0.64,Yes,0,0.198925,0.27,0
25,CH,268,7,1.86,2.13,0,0,0,0,0.83616,2.13,1.86,0.27,Yes,0,0,0.27,0
26,CH,269,7,1.86,2.13,0.27,0,1,0,0.868928,2.13,1.59,0.54,Yes,0,0.145161,0.27,0
27,CH,271,7,1.86,2.13,0,0,0,0,0.895142,2.13,1.86,0.27,Yes,0,0,0.27,0
28,CH,272,7,1.86,2.13,0,0,0,0,0.916114,2.13,1.86,0.27,Yes,0,0,0.27,0
29,CH,274,7,1.86,2.13,0.47,0.54,1,0,0.932891,1.59,1.39,0.2,Yes,0.253521,0.252688,0.27,0
30,CH,278,7,2.06,2.13,0,0,0,0,0.946313,2.13,2.06,0.07,Yes,0,0,0.07,0
31,CH,246,2,1.89,2.09,0,0,0,0,0.5,2.09,1.89,0.2,No,0,0,0.2,2
32,CH,265,7,1.86,2.13,0.37,0,1,0,0.6,2.13,1.49,0.64,Yes,0,0.198925,0.27,0
33,MM,275,2,1.96,2.18,0,0.8,0,1,0.68,1.38,1.96,-0.58,No,0.366972,0,0.22,2
34,MM,232,2,1.69,1.69,0,0,1,0,0.68,1.69,1.69,0,No,0,0,0,2
35,CH,251,3,1.99,2.23,0,0,0,0,0.544,2.23,1.99,0.24,No,0,0,0.24,3
36,CH,256,3,1.99,2.29,0,0,0,0,0.6352,2.29,1.99,0.3,No,0,0,0.3,3
37,CH,258,1,1.76,2.18,0,0,0,0,0.70816,2.18,1.76,0.42,No,0,0,0.42,1
38,CH,277,1,1.99,2.13,0.24,0,0,0,0.7952,2.13,1.75,0.38,No,0,0.120603,0.14,1
39,CH,271,4,1.99,2.09,0.1,0.4,1,0,0.4,1.69,1.89,-0.2,No,0.191388,0.050251,0.1,4
40,CH,227,4,1.79,1.79,0,0,0,1,0.920961,1.79,1.79,0,No,0,0,0,4
41,CH,229,4,1.79,1.79,0,0,0,0,0.936769,1.79,1.79,0,No,0,0,0,4
42,CH,230,4,1.79,1.79,0,0,0,0,0.949415,1.79,1.79,0,No,0,0,0,4
43,CH,233,4,1.79,2.09,0,0,0,0,0.959532,2.09,1.79,0.3,No,0,0,0.3,4
44,CH,236,4,1.79,2.09,0,0,0,0,0.967626,2.09,1.79,0.3,No,0,0,0.3,4
45,MM,237,4,1.79,2.09,0,0,0,0,0.9741,2.09,1.79,0.3,No,0,0,0.3,4
46,CH,240,4,1.79,2.23,0,0,0,0,0.77928,2.23,1.79,0.44,No,0,0,0.44,4
47,CH,244,4,1.99,2.23,0,0,0,0,0.823424,2.23,1.99,0.24,No,0,0,0.24,4
48,CH,245,4,1.99,2.23,0,0,0,0,0.858739,2.23,1.99,0.24,No,0,0,0.24,4
49,CH,246,4,1.99,2.23,0,0,0,0,0.886992,2.23,1.99,0.24,No,0,0,0.24,4
50,CH,247,4,1.99,2.23,0,0,0,0,0.909593,2.23,1.99,0.24,No,0,0,0.24,4
51,MM,248,4,1.99,2.23,0,0,0,0,0.927675,2.23,1.99,0.24,No,0,0,0.24,4
52,CH,249,4,1.99,2.23,0,0,0,0,0.74214,2.23,1.99,0.24,No,0,0,0.24,4
53,CH,252,4,1.99,2.23,0,0,0,0,0.793712,2.23,1.99,0.24,No,0,0,0.24,4
54,MM,254,4,1.99,2.29,0,0,1,0,0.834969,2.29,1.99,0.3,No,0,0,0.3,4
55,CH,256,4,1.99,2.29,0,0,0,0,0.667976,2.29,1.99,0.3,No,0,0,0.3,4
56,CH,256,4,1.99,2.29,0,0,0,0,0.73438,2.29,1.99,0.3,No,0,0,0.3,4
57,CH,257,4,1.99,2.29,0,0.4,0,1,0.787504,1.89,1.99,-0.1,No,0.174672,0,0.3,4
58,CH,258,4,1.99,2.29,0,0,0,0,0.830003,2.29,1.99,0.3,No,0,0,0.3,4
59,CH,258,7,1.86,2.18,0,0,0,0,0.864003,2.18,1.86,0.32,Yes,0,0,0.32,0
60,CH,259,4,1.99,2.29,0,0,0,0,0.891202,2.29,1.99,0.3,No,0,0,0.3,4
61,CH,260,4,1.99,2.09,0,0,0,0,0.912962,2.09,1.99,0.1,No,0,0,0.1,4
62,CH,263,4,1.99,2.09,0,0,0,0,0.930369,2.09,1.99,0.1,No,0,0,0.1,4
63,MM,265,4,1.99,2.09,0.1,0,0,0,0.944296,2.09,1.89,0.2,No,0,0.050251,0.1,4
64,CH,265,4,1.99,2.09,0.1,0,0,0,0.755436,2.09,1.89,0.2,No,0,0.050251,0.1,4
65,CH,266,4,1.99,2.09,0.1,0,0,0,0.804349,2.09,1.89,0.2,No,0,0.050251,0.1,4
66,CH,267,4,1.99,2.09,0.1,0,0,0,0.843479,2.09,1.89,0.2,No,0,0.050251,0.1,4
67,MM,269,4,1.99,2.09,0.1,0,0,0,0.874783,2.09,1.89,0.2,No,0,0.050251,0.1,4
68,MM,270,4,1.99,2.09,0.1,0,0,0,0.699827,2.09,1.89,0.2,No,0,0.050251,0.1,4
69,CH,272,4,1.99,2.09,0,0.4,0,0,0.559861,1.69,1.99,-0.3,No,0.191388,0,0.1,4
70,CH,272,4,1.99,2.09,0,0.4,0,0,0.647889,1.69,1.99,-0.3,No,0.191388,0,0.1,4
71,CH,274,4,1.99,2.09,0,0.4,0,0,0.718311,1.69,1.99,-0.3,No,0.191388,0,0.1,4
72,CH,275,4,2.09,2.09,0,0.4,0,0,0.774649,1.69,2.09,-0.4,No,0.191388,0,0,4
73,CH,276,4,2.09,2.09,0.2,0.4,0,0,0.819719,1.69,1.89,-0.2,No,0.191388,0.095694,0,4
74,CH,278,4,2.09,2.09,0.2,0,0,0,0.855775,2.09,1.89,0.2,No,0,0.095694,0,4
75,CH,230,7,1.69,1.99,0,0,0,1,0.68,1.99,1.69,0.3,Yes,0,0,0.3,0
76,CH,238,4,1.79,2.09,0,0,0,0,0.744,2.09,1.79,0.3,No,0,0,0.3,4
77,CH,239,4,1.79,2.23,0,0,0,0,0.7952,2.23,1.79,0.44,No,0,0,0.44,4
78,CH,251,4,1.99,2.23,0,0,0,0,0.83616,2.23,1.99,0.24,No,0,0,0.24,4
79,CH,252,2,1.89,2.09,0.13,0,0,0,0.868928,2.09,1.76,0.33,No,0,0.068783,0.2,2
80,CH,255,4,1.99,2.29,0,0,0,0,0.895142,2.29,1.99,0.3,No,0,0,0.3,4
81,CH,263,4,1.99,2.09,0,0,0,0,0.916114,2.09,1.99,0.1,No,0,0,0.1,4
82,CH,264,4,1.99,2.09,0.1,0,0,0,0.932891,2.09,1.89,0.2,No,0,0.050251,0.1,4
83,CH,269,4,1.99,2.09,0.1,0,0,0,0.946313,2.09,1.89,0.2,No,0,0.050251,0.1,4
84,CH,273,4,1.99,2.09,0,0.4,0,0,0.95705,1.69,1.99,-0.3,No,0.191388,0,0.1,4
85,CH,275,4,2.09,2.09,0,0.4,0,0,0.96564,1.69,2.09,-0.4,No,0.191388,0,0,4
86,CH,276,2,1.99,2.18,0,0,0,1,0.972512,2.18,1.99,0.19,No,0,0,0.19,2
87,CH,277,4,2.09,2.09,0.2,0.4,0,0,0.97801,1.69,1.89,-0.2,No,0.191388,0.095694,0,4
88,CH,252,4,1.99,2.23,0,0,0,0,0.68,2.23,1.99,0.24,No,0,0,0.24,4
89,CH,275,4,2.09,2.09,0,0.4,0,0,0.744,1.69,2.09,-0.4,No,0.191388,0,0,4
90,CH,277,3,2.09,2.09,0.2,0.4,0,0,0.7952,1.69,1.89,-0.2,No,0.191388,0.095694,0,3
91,CH,237,4,1.79,2.09,0,0,0,0,0.5,2.09,1.79,0.3,No,0,0,0.3,4
92,CH,269,4,1.99,2.09,0.1,0,0,0,0.6,2.09,1.89,0.2,No,0,0.050251,0.1,4
93,CH,242,4,1.99,2.23,0,0,0,0,0.5,2.23,1.99,0.24,No,0,0,0.24,4
94,CH,244,7,1.86,2.09,0,0.2,0,0,0.6,1.89,1.86,0.03,Yes,0.095694,0,0.23,0
95,CH,241,2,1.75,1.99,0,0.3,0,1,0.5,1.69,1.75,-0.06,No,0.150754,0,0.24,2
96,CH,277,2,1.99,2.18,0,0,0,0,0.6,2.18,1.99,0.19,No,0,0,0.19,2
97,CH,277,7,1.99,2.13,0.5,0,0,1,0.4,2.13,1.49,0.64,Yes,0,0.251256,0.14,0
98,CH,227,2,1.69,1.69,0,0,0,0,0.744,1.69,1.69,0,No,0,0,0,2
99,CH,229,2,1.69,1.69,0,0,0,0,0.7952,1.69,1.69,0,No,0,0,0,2
100,CH,234,2,1.69,1.99,0,0,0,0,0.83616,1.99,1.69,0.3,No,0,0,0.3,2
101,CH,236,2,1.75,1.99,0,0,0,0,0.868928,1.99,1.75,0.24,No,0,0,0.24,2
102,CH,237,2,1.75,1.99,0,0,0,0,0.895142,1.99,1.75,0.24,No,0,0,0.24,2
103,CH,240,2,1.75,1.99,0,0.3,0,1,0.916114,1.69,1.75,-0.06,No,0.150754,0,0.24,2
104,MM,241,2,1.75,1.99,0,0.3,0,1,0.932891,1.69,1.75,-0.06,No,0.150754,0,0.24,2
105,CH,243,2,1.86,2.09,0,0,0,1,0.746313,2.09,1.86,0.23,No,0,0,0.23,2
106,CH,245,2,1.89,2.09,0,0,0,0,0.79705,2.09,1.89,0.2,No,0,0,0.2,2
107,CH,245,1,1.86,2.09,0.17,0,0,0,0.83764,2.09,1.69,0.4,No,0,0.091398,0.23,1
108,CH,248,2,1.89,2.09,0,0,0,0,0.870112,2.09,1.89,0.2,No,0,0,0.2,2
109,CH,248,2,1.89,2.09,0,0,0,0,0.89609,2.09,1.89,0.2,No,0,0,0.2,2
110,CH,249,2,1.89,2.09,0,0,0,0,0.916872,2.09,1.89,0.2,No,0,0,0.2,2
111,CH,249,1,1.86,2.09,0,0,0,0,0.933497,2.09,1.86,0.23,No,0,0,0.23,1
112,MM,251,3,1.99,2.23,0,0,0,0,0.946798,2.23,1.99,0.24,No,0,0,0.24,3
113,CH,253,2,1.89,2.09,0.13,0,0,0,0.757438,2.09,1.76,0.33,No,0,0.068783,0.2,2
114,CH,254,2,1.89,2.09,0.13,0,0,0,0.805951,2.09,1.76,0.33,No,0,0.068783,0.2,2
115,CH,255,2,1.89,2.18,0.13,0,0,0,0.844761,2.18,1.76,0.42,No,0,0.068783,0.29,2
116,CH,257,3,1.99,2.29,0,0.4,0,1,0.875808,1.89,1.99,-0.1,No,0.174672,0,0.3,3
117,CH,257,2,1.86,2.18,0,0,0,0,0.900647,2.18,1.86,0.32,No,0,0,0.32,2
118,CH,258,2,1.86,2.18,0,0,0,0,0.920517,2.18,1.86,0.32,No,0,0,0.32,2
119,CH,259,3,1.99,2.29,0,0,0,0,0.936414,2.29,1.99,0.3,No,0,0,0.3,3
120,CH,259,2,1.86,2.18,0,0.4,0,1,0.949131,1.78,1.86,-0.08,No,0.183486,0,0.32,2
121,CH,260,2,1.86,2.18,0,0.7,0,0,0.959305,1.48,1.86,-0.38,No,0.321101,0,0.32,2
122,CH,261,1,1.76,1.99,0,0,0,0,0.967444,1.99,1.76,0.23,No,0,0,0.23,1
123,CH,261,2,1.86,2.18,0,0,0,0,0.973955,2.18,1.86,0.32,No,0,0,0.32,2
124,CH,263,2,1.86,2.18,0,0,0,1,0.979164,2.18,1.86,0.32,No,0,0,0.32,2
125,MM,264,2,1.86,2.18,0,0,0,0,0.983331,2.18,1.86,0.32,No,0,0,0.32,2
126,CH,265,2,1.86,2.18,0,0,0,0,0.786665,2.18,1.86,0.32,No,0,0,0.32,2
127,CH,266,1,1.86,1.99,0,0.1,0,0,0.829332,1.89,1.86,0.03,No,0.050251,0,0.13,1
128,CH,266,2,1.86,2.18,0,0,0,0,0.863466,2.18,1.86,0.32,No,0,0,0.32,2
129,CH,267,2,1.86,2.18,0,0.4,0,1,0.890772,1.78,1.86,-0.08,No,0.183486,0,0.32,2
130,CH,270,2,1.86,2.18,0,0,0,0,0.912618,2.18,1.86,0.32,No,0,0,0.32,2
131,CH,270,1,1.86,2.18,0,0,0,0,0.930094,2.18,1.86,0.32,No,0,0,0.32,1
132,CH,271,2,1.86,2.18,0,0.06,0,0,0.944076,2.12,1.86,0.26,No,0.027523,0,0.32,2
133,CH,272,2,1.86,2.18,0,0.06,0,0,0.95526,2.12,1.86,0.26,No,0.027523,0,0.32,2
134,CH,273,7,1.86,2.13,0,0.54,0,0,0.964208,1.59,1.86,-0.27,Yes,0.253521,0,0.27,0
135,CH,273,1,1.86,2.18,0,0,0,0,0.971367,2.18,1.86,0.32,No,0,0,0.32,1
136,CH,274,2,1.96,2.18,0,0.8,0,1,0.977093,1.38,1.96,-0.58,No,0.366972,0,0.22,2
137,CH,275,2,1.96,2.18,0,0.8,0,1,0.981675,1.38,1.96,-0.58,No,0.366972,0,0.22,2
138,CH,276,7,1.99,2.13,0,0.54,0,1,0.98534,1.59,1.99,-0.4,Yes,0.253521,0,0.14,0
139,CH,278,2,1.99,2.18,0,0,0,0,0.988272,2.18,1.99,0.19,No,0,0,0.19,2
140,CH,242,3,1.99,2.23,0,0,0,0,0.6,2.23,1.99,0.24,No,0,0,0.24,3
141,CH,237,1,1.75,1.99,0,0,0,0,0.52,1.99,1.75,0.24,No,0,0,0.24,1
142,CH,251,4,1.99,2.23,0,0,0,0,0.5,2.23,1.99,0.24,No,0,0,0.24,4
143,MM,255,4,1.99,2.29,0,0,0,0,0.6,2.29,1.99,0.3,No,0,0,0.3,4
144,MM,261,7,1.86,2.13,0,0.24,0,0,0.48,1.89,1.86,0.03,Yes,0.112676,0,0.27,0
145,CH,277,4,2.09,2.09,0.2,0.4,0,0,0.384,1.69,1.89,-0.2,No,0.191388,0.095694,0,4
146,MM,233,7,1.75,1.99,0,0.4,1,0,0.5,1.59,1.75,-0.16,Yes,0.201005,0,0.24,0
147,MM,236,7,1.75,1.99,0,0.4,0,0,0.4,1.59,1.75,-0.16,Yes,0.201005,0,0.24,0
148,MM,243,7,1.86,2.09,0,0.2,0,0,0.32,1.89,1.86,0.03,Yes,0.095694,0,0.23,0
149,MM,244,7,1.86,2.09,0,0.2,0,0,0.256,1.89,1.86,0.03,Yes,0.095694,0,0.23,0
150,MM,245,7,1.86,2.09,0,0.2,0,0,0.2048,1.89,1.86,0.03,Yes,0.095694,0,0.23,0
151,MM,252,7,1.86,2.09,0.1,0,0,0,0.16384,2.09,1.76,0.33,Yes,0,0.053763,0.23,0
152,MM,277,7,1.99,2.13,0.5,0,0,1,0.131072,2.13,1.49,0.64,Yes,0,0.251256,0.14,0
153,CH,228,4,1.79,1.79,0,0,0,0,0.83616,1.79,1.79,0,No,0,0,0,4
154,CH,230,3,1.79,1.79,0,0,0,0,0.868928,1.79,1.79,0,No,0,0,0,3
155,CH,231,3,1.79,1.79,0,0,0,0,0.895142,1.79,1.79,0,No,0,0,0,3
156,CH,233,1,1.69,1.99,0,0,0,0,0.916114,1.99,1.69,0.3,No,0,0,0.3,1
157,CH,263,4,1.99,2.09,0,0,0,0,0.932891,2.09,1.99,0.1,No,0,0,0.1,4
158,CH,264,4,1.99,2.09,0.1,0,0,0,0.946313,2.09,1.89,0.2,No,0,0.050251,0.1,4
159,CH,265,4,1.99,2.09,0.1,0,0,0,0.95705,2.09,1.89,0.2,No,0,0.050251,0.1,4
160,CH,266,4,1.99,2.09,0.1,0,0,0,0.96564,2.09,1.89,0.2,No,0,0.050251,0.1,4
161,CH,267,4,1.99,2.09,0.1,0,0,0,0.972512,2.09,1.89,0.2,No,0,0.050251,0.1,4
162,CH,269,4,1.99,2.09,0.1,0,0,0,0.97801,2.09,1.89,0.2,No,0,0.050251,0.1,4
163,CH,270,1,1.86,2.18,0,0,0,0,0.982408,2.18,1.86,0.32,No,0,0,0.32,1
164,CH,271,4,1.99,2.09,0.1,0.4,1,0,0.985926,1.69,1.89,-0.2,No,0.191388,0.050251,0.1,4
165,CH,272,4,1.99,2.09,0,0.4,0,0,0.988741,1.69,1.99,-0.3,No,0.191388,0,0.1,4
166,CH,274,4,1.99,2.09,0,0.4,0,0,0.990993,1.69,1.99,-0.3,No,0.191388,0,0.1,4
167,CH,276,4,2.09,2.09,0.2,0.4,0,0,0.992794,1.69,1.89,-0.2,No,0.191388,0.095694,0,4
168,CH,277,4,2.09,2.09,0.2,0.4,0,0,0.994235,1.69,1.89,-0.2,No,0.191388,0.095694,0,4
169,CH,278,3,2.09,2.09,0.2,0,0,0,0.995388,2.09,1.89,0.2,No,0,0.095694,0,3
170,CH,269,2,1.86,2.18,0,0,0,0,0.6,2.18,1.86,0.32,No,0,0,0.32,2
171,CH,229,7,1.69,1.69,0,0.2,0,1,0.95705,1.49,1.69,-0.2,Yes,0.118343,0,0,0
172,CH,230,7,1.69,1.99,0,0,0,1,0.96564,1.99,1.69,0.3,Yes,0,0,0.3,0
173,CH,231,4,1.79,1.79,0,0,0,0,0.972512,1.79,1.79,0,No,0,0,0,4
174,CH,233,4,1.79,2.09,0,0,0,0,0.97801,2.09,1.79,0.3,No,0,0,0.3,4
175,CH,239,7,1.79,2.09,0,0,0,0,0.982408,2.09,1.79,0.3,Yes,0,0,0.3,0
176,CH,240,4,1.79,2.23,0,0,0,0,0.985926,2.23,1.79,0.44,No,0,0,0.44,4
177,CH,242,7,1.86,2.09,0,0,0,0,0.988741,2.09,1.86,0.23,Yes,0,0,0.23,0
178,CH,243,4,1.99,2.23,0,0,0,0,0.990993,2.23,1.99,0.24,No,0,0,0.24,4
179,CH,244,7,1.86,2.09,0,0.2,0,0,0.992794,1.89,1.86,0.03,Yes,0.095694,0,0.23,0
180,CH,246,4,1.99,2.23,0,0,0,0,0.994235,2.23,1.99,0.24,No,0,0,0.24,4
181,CH,249,4,1.99,2.23,0,0,0,0,0.995388,2.23,1.99,0.24,No,0,0,0.24,4
182,CH,250,7,1.86,2.09,0,0,0,0,0.996311,2.09,1.86,0.23,Yes,0,0,0.23,0
183,CH,251,4,1.99,2.23,0,0,0,0,0.997049,2.23,1.99,0.24,No,0,0,0.24,4
184,CH,254,4,1.99,2.29,0,0,1,0,0.997639,2.29,1.99,0.3,No,0,0,0.3,4
185,CH,255,4,1.99,2.29,0,0,0,0,0.998111,2.29,1.99,0.3,No,0,0,0.3,4
186,CH,257,4,1.99,2.29,0,0.4,0,1,0.998489,1.89,1.99,-0.1,No,0.174672,0,0.3,4
187,CH,260,4,1.99,2.09,0,0,0,0,0.998791,2.09,1.99,0.1,No,0,0,0.1,4
188,CH,261,4,1.99,2.09,0,0,0,0,0.999033,2.09,1.99,0.1,No,0,0,0.1,4
189,CH,262,4,1.99,2.09,0,0,0,0,0.999226,2.09,1.99,0.1,No,0,0,0.1,4
190,CH,264,4,1.99,2.09,0.1,0,0,0,0.999381,2.09,1.89,0.2,No,0,0.050251,0.1,4
191,CH,265,4,1.99,2.09,0.1,0,0,0,0.999505,2.09,1.89,0.2,No,0,0.050251,0.1,4
192,CH,266,7,1.86,2.13,0.37,0,1,0,0.999604,2.13,1.49,0.64,Yes,0,0.198925,0.27,0
193,CH,267,7,1.86,2.13,0,0,1,0,0.999683,2.13,1.86,0.27,Yes,0,0,0.27,0
194,CH,269,7,1.86,2.13,0.27,0,1,0,0.999746,2.13,1.59,0.54,Yes,0,0.145161,0.27,0
195,CH,271,4,1.99,2.09,0.1,0.4,1,0,0.999797,1.69,1.89,-0.2,No,0.191388,0.050251,0.1,4
196,CH,272,4,1.99,2.09,0,0.4,0,0,0.999838,1.69,1.99,-0.3,No,0.191388,0,0.1,4
197,CH,274,4,1.99,2.09,0,0.4,0,0,0.99987,1.69,1.99,-0.3,No,0.191388,0,0.1,4
198,CH,275,7,1.99,2.13,0,0.54,1,0,0.999896,1.59,1.99,-0.4,Yes,0.253521,0,0.14,0
199,CH,276,4,2.09,2.09,0.2,0.4,0,0,0.999917,1.69,1.89,-0.2,No,0.191388,0.095694,0,4
200,CH,277,7,1.99,2.13,0.5,0,0,1,0.999934,2.13,1.49,0.64,Yes,0,0.251256,0.14,0
201,CH,278,4,2.09,2.09,0.2,0,0,0,0.999947,2.09,1.89,0.2,No,0,0.095694,0,4
202,MM,229,7,1.69,1.69,0,0.2,0,1,0.68,1.49,1.69,-0.2,Yes,0.118343,0,0,0
203,CH,230,7,1.69,1.99,0,0,0,1,0.544,1.99,1.69,0.3,Yes,0,0,0.3,0
204,CH,231,7,1.69,1.99,0,0,0,0,0.6352,1.99,1.69,0.3,Yes,0,0,0.3,0
205,CH,233,7,1.75,1.99,0,0.4,1,0,0.70816,1.59,1.75,-0.16,Yes,0.201005,0,0.24,0
206,CH,237,7,1.75,1.99,0,0.4,0,0,0.766528,1.59,1.75,-0.16,Yes,0.201005,0,0.24,0
207,CH,241,7,1.86,2.09,0,0,0,0,0.813222,2.09,1.86,0.23,Yes,0,0,0.23,0
208,CH,242,7,1.86,2.09,0,0,0,0,0.850578,2.09,1.86,0.23,Yes,0,0,0.23,0
209,CH,253,7,1.86,2.09,0.1,0,0,0,0.880462,2.09,1.76,0.33,Yes,0,0.053763,0.23,0
210,CH,256,7,1.86,2.18,0,0,0,0,0.90437,2.18,1.86,0.32,Yes,0,0,0.32,0
211,CH,258,7,1.86,2.18,0,0,0,0,0.923496,2.18,1.86,0.32,Yes,0,0,0.32,0
212,CH,259,7,1.86,2.18,0,0,0,0,0.938797,2.18,1.86,0.32,Yes,0,0,0.32,0
213,CH,260,7,1.86,2.13,0,0.24,0,0,0.951037,1.89,1.86,0.03,Yes,0.112676,0,0.27,0
214,CH,263,7,1.86,2.13,0.27,0,0,0,0.96083,2.13,1.59,0.54,Yes,0,0.145161,0.27,0
215,CH,264,7,1.86,2.13,0.37,0,1,0,0.968664,2.13,1.49,0.64,Yes,0,0.198925,0.27,0
216,CH,265,7,1.86,2.13,0.37,0,1,0,0.974931,2.13,1.49,0.64,Yes,0,0.198925,0.27,0
217,CH,265,7,1.86,2.13,0.37,0,1,0,0.979945,2.13,1.49,0.64,Yes,0,0.198925,0.27,0
218,CH,267,7,1.86,2.13,0,0,1,0,0.983956,2.13,1.86,0.27,Yes,0,0,0.27,0
219,CH,270,7,1.86,2.13,0.27,0,1,0,0.987165,2.13,1.59,0.54,Yes,0,0.145161,0.27,0
220,CH,272,7,1.86,2.13,0,0,0,0,0.989732,2.13,1.86,0.27,Yes,0,0,0.27,0
221,CH,274,2,1.96,2.18,0,0.8,0,1,0.991785,1.38,1.96,-0.58,No,0.366972,0,0.22,2
222,MM,228,1,1.69,1.69,0,0,0,0,0.32,1.69,1.69,0,No,0,0,0,1
223,CH,234,1,1.69,1.99,0,0,0,0,0.256,1.99,1.69,0.3,No,0,0,0.3,1
224,MM,243,1,1.86,1.99,0,0.8,0,1,0.4048,1.19,1.86,-0.67,No,0.40201,0,0.13,1
225,CH,251,1,1.76,2.09,0,0,0,0,0.32384,2.09,1.76,0.33,No,0,0,0.33,1
226,MM,253,1,1.76,2.09,0,0,0,0,0.459072,2.09,1.76,0.33,No,0,0,0.33,1
227,MM,242,3,1.99,2.23,0,0,0,0,0.5,2.23,1.99,0.24,No,0,0,0.24,3
228,MM,244,3,1.99,2.23,0,0,0,0,0.4,2.23,1.99,0.24,No,0,0,0.24,3
229,MM,247,3,1.99,2.23,0,0,0,0,0.32,2.23,1.99,0.24,No,0,0,0.24,3
230,CH,274,7,1.86,2.13,0.47,0.54,1,0,0.52,1.59,1.39,0.2,Yes,0.253521,0.252688,0.27,0
231,MM,276,7,1.99,2.13,0,0.54,0,1,0.616,1.59,1.99,-0.4,Yes,0.253521,0,0.14,0
232,CH,228,7,1.69,1.69,0,0,0,0,0.535142,1.69,1.69,0,Yes,0,0,0,0
233,CH,233,7,1.75,1.99,0,0.4,1,0,0.628114,1.59,1.75,-0.16,Yes,0.201005,0,0.24,0
234,MM,234,7,1.75,1.99,0,0.4,1,0,0.702491,1.59,1.75,-0.16,Yes,0.201005,0,0.24,0
235,CH,235,7,1.75,1.99,0,0.4,0,0,0.561993,1.59,1.75,-0.16,Yes,0.201005,0,0.24,0
236,CH,236,3,1.79,2.09,0,0,0,0,0.649594,2.09,1.79,0.3,No,0,0,0.3,3
237,CH,238,3,1.79,2.09,0,0,0,0,0.719675,2.09,1.79,0.3,No,0,0,0.3,3
238,CH,240,7,1.86,2.09,0,0,0,0,0.77574,2.09,1.86,0.23,Yes,0,0,0.23,0
239,CH,250,7,1.86,2.09,0,0,0,0,0.820592,2.09,1.86,0.23,Yes,0,0,0.23,0
240,CH,254,7,1.86,2.18,0,0,0,0,0.856474,2.18,1.86,0.32,Yes,0,0,0.32,0
241,CH,257,7,1.86,2.18,0,0,0,0,0.885179,2.18,1.86,0.32,Yes,0,0,0.32,0
242,CH,258,7,1.86,2.18,0,0,0,0,0.908143,2.18,1.86,0.32,Yes,0,0,0.32,0
243,CH,259,7,1.86,2.18,0,0,0,0,0.926515,2.18,1.86,0.32,Yes,0,0,0.32,0
244,CH,260,7,1.86,2.13,0,0.24,0,0,0.941212,1.89,1.86,0.03,Yes,0.112676,0,0.27,0
245,CH,261,7,1.86,2.13,0,0.24,0,0,0.952969,1.89,1.86,0.03,Yes,0.112676,0,0.27,0
246,CH,262,7,1.86,2.13,0,0,0,0,0.962375,2.13,1.86,0.27,Yes,0,0,0.27,0
247,CH,264,7,1.86,2.13,0.37,0,1,0,0.9699,2.13,1.49,0.64,Yes,0,0.198925,0.27,0
248,CH,266,7,1.86,2.13,0.37,0,1,0,0.97592,2.13,1.49,0.64,Yes,0,0.198925,0.27,0
249,CH,268,7,1.86,2.13,0,0,0,0,0.980736,2.13,1.86,0.27,Yes,0,0,0.27,0
250,CH,268,7,1.86,2.13,0,0,0,0,0.984589,2.13,1.86,0.27,Yes,0,0,0.27,0
251,CH,269,7,1.86,2.13,0.27,0,1,0,0.987671,2.13,1.59,0.54,Yes,0,0.145161,0.27,0
252,CH,270,7,1.86,2.13,0.27,0,1,0,0.990137,2.13,1.59,0.54,Yes,0,0.145161,0.27,0
253,CH,271,7,1.86,2.13,0,0,0,0,0.99211,2.13,1.86,0.27,Yes,0,0,0.27,0
254,CH,272,7,1.86,2.13,0,0,0,0,0.993688,2.13,1.86,0.27,Yes,0,0,0.27,0
255,MM,275,7,1.99,2.13,0,0.54,1,0,0.99495,1.59,1.99,-0.4,Yes,0.253521,0,0.14,0
256,CH,229,7,1.69,1.69,0,0.2,0,1,0.16384,1.49,1.69,-0.2,Yes,0.118343,0,0,0
257,CH,232,7,1.69,1.99,0,0.4,1,1,0.331072,1.59,1.69,-0.1,Yes,0.201005,0,0.3,0
258,CH,257,2,1.86,2.18,0,0,0,0,0.5,2.18,1.86,0.32,No,0,0,0.32,2
259,MM,264,3,1.99,2.09,0.1,0,0,0,0.6,2.09,1.89,0.2,No,0,0.050251,0.1,3
260,MM,265,2,1.86,2.18,0,0,0,0,0.48,2.18,1.86,0.32,No,0,0,0.32,2
261,MM,267,2,1.86,2.18,0,0.4,0,1,0.384,1.78,1.86,-0.08,No,0.183486,0,0.32,2
262,CH,270,2,1.86,2.18,0,0,0,0,0.3072,2.18,1.86,0.32,No,0,0,0.32,2
263,CH,272,2,1.86,2.18,0,0.06,0,0,0.44576,2.12,1.86,0.26,No,0.027523,0,0.32,2
264,CH,273,2,1.86,2.18,0,0.06,0,0,0.556608,2.12,1.86,0.26,No,0.027523,0,0.32,2
265,CH,276,2,1.99,2.18,0,0,0,1,0.645286,2.18,1.99,0.19,No,0,0,0.19,2
266,CH,278,2,1.99,2.18,0,0,0,0,0.716229,2.18,1.99,0.19,No,0,0,0.19,2
267,MM,259,2,1.86,2.18,0,0.4,0,1,0.6672,1.78,1.86,-0.08,No,0.183486,0,0.32,2
268,MM,229,3,1.79,1.79,0,0,0,0,0.5648,1.79,1.79,0,No,0,0,0,3
269,MM,235,3,1.79,2.09,0,0,0,0,0.45184,2.09,1.79,0.3,No,0,0,0.3,3
270,MM,261,2,1.86,2.18,0,0,0,0,0.53376,2.18,1.86,0.32,No,0,0,0.32,2
271,MM,273,2,1.86,2.18,0,0.06,0,0,0.427008,2.12,1.86,0.26,No,0.027523,0,0.32,2
272,MM,276,3,2.09,2.09,0.2,0.4,0,0,0.341606,1.69,1.89,-0.2,No,0.191388,0.095694,0,3
273,MM,278,3,2.09,2.09,0.2,0,0,0,0.273285,2.09,1.89,0.2,No,0,0.095694,0,3
274,MM,229,3,1.79,1.79,0,0,0,0,0.027488,1.79,1.79,0,No,0,0,0,3
275,MM,234,3,1.79,2.09,0,0,0,0,0.02199,2.09,1.79,0.3,No,0,0,0.3,3
276,MM,239,3,1.79,2.23,0,0,0,0,0.017592,2.23,1.79,0.44,No,0,0,0.44,3
277,MM,240,3,1.79,2.23,0,0,0,0,0.014074,2.23,1.79,0.44,No,0,0,0.44,3
278,MM,240,3,1.79,2.23,0,0,0,0,0.011259,2.23,1.79,0.44,No,0,0,0.44,3
279,MM,241,3,1.79,2.23,0,0,0,0,0.009007,2.23,1.79,0.44,No,0,0,0.44,3
280,MM,242,3,1.99,2.23,0,0,0,0,0.007206,2.23,1.99,0.24,No,0,0,0.24,3
281,MM,243,3,1.99,2.23,0,0,0,0,0.005765,2.23,1.99,0.24,No,0,0,0.24,3
282,MM,244,3,1.99,2.23,0,0,0,0,0.004612,2.23,1.99,0.24,No,0,0,0.24,3
283,MM,247,3,1.99,2.23,0,0,0,0,0.003689,2.23,1.99,0.24,No,0,0,0.24,3
284,MM,248,3,1.99,2.23,0,0,0,0,0.002951,2.23,1.99,0.24,No,0,0,0.24,3
285,MM,250,3,1.99,2.23,0,0,0,0,0.002361,2.23,1.99,0.24,No,0,0,0.24,3
286,MM,253,3,1.99,2.23,0,0,0,0,0.001889,2.23,1.99,0.24,No,0,0,0.24,3
287,MM,259,3,1.99,2.29,0,0,0,0,0.001511,2.29,1.99,0.3,No,0,0,0.3,3
288,MM,261,3,1.99,2.09,0,0,0,0,0.001209,2.09,1.99,0.1,No,0,0,0.1,3
289,MM,263,3,1.99,2.09,0,0,0,0,0.000967,2.09,1.99,0.1,No,0,0,0.1,3
290,MM,264,3,1.99,2.09,0.1,0,0,0,0.000774,2.09,1.89,0.2,No,0,0.050251,0.1,3
291,MM,266,3,1.99,2.09,0.1,0,0,0,0.000619,2.09,1.89,0.2,No,0,0.050251,0.1,3
292,MM,267,3,1.99,2.09,0.1,0,0,0,0.000495,2.09,1.89,0.2,No,0,0.050251,0.1,3
293,MM,270,2,1.86,2.18,0,0,0,0,0.000396,2.18,1.86,0.32,No,0,0,0.32,2
294,MM,273,2,1.86,2.18,0,0.06,0,0,0.000317,2.12,1.86,0.26,No,0.027523,0,0.32,2
295,MM,275,2,1.96,2.18,0,0.8,0,1,0.000254,1.38,1.96,-0.58,No,0.366972,0,0.22,2
296,MM,276,3,2.09,2.09,0.2,0.4,0,0,0.000203,1.69,1.89,-0.2,No,0.191388,0.095694,0,3
297,CH,228,2,1.69,1.69,0,0,0,0,0.48,1.69,1.69,0,No,0,0,0,2
298,MM,229,2,1.69,1.69,0,0,0,0,0.584,1.69,1.69,0,No,0,0,0,2
299,MM,231,2,1.69,1.69,0.3,0,1,0,0.4672,1.69,1.39,0.3,No,0,0.177515,0,2
300,MM,233,2,1.69,1.69,0,0,0,0,0.37376,1.69,1.69,0,No,0,0,0,2
301,CH,234,3,1.79,2.09,0,0,0,0,0.299008,2.09,1.79,0.3,No,0,0,0.3,3
302,MM,240,2,1.75,1.99,0,0.3,0,1,0.439206,1.69,1.75,-0.06,No,0.150754,0,0.24,2
303,MM,242,2,1.75,1.99,0.16,0.3,0,1,0.351365,1.69,1.59,0.1,No,0.150754,0.091429,0.24,2
304,CH,245,2,1.89,2.09,0,0,0,0,0.281092,2.09,1.89,0.2,No,0,0,0.2,2
305,MM,253,3,1.99,2.23,0,0,0,0,0.424874,2.23,1.99,0.24,No,0,0,0.24,3
306,MM,256,2,1.89,2.18,0.13,0,0,0,0.339899,2.18,1.76,0.42,No,0,0.068783,0.29,2
307,MM,262,2,1.86,2.18,0,0.6,0,1,0.271919,1.58,1.86,-0.28,No,0.275229,0,0.32,2
308,MM,263,2,1.86,2.18,0,0,0,1,0.217535,2.18,1.86,0.32,No,0,0,0.32,2
309,CH,269,3,1.99,2.09,0.1,0,0,0,0.174028,2.09,1.89,0.2,No,0,0.050251,0.1,3
310,CH,270,2,1.86,2.18,0,0,0,0,0.339223,2.18,1.86,0.32,No,0,0,0.32,2
311,CH,272,2,1.86,2.18,0,0.06,0,0,0.471378,2.12,1.86,0.26,No,0.027523,0,0.32,2
312,CH,273,2,1.86,2.18,0,0.06,0,0,0.577102,2.12,1.86,0.26,No,0.027523,0,0.32,2
313,CH,275,2,1.96,2.18,0,0.8,0,1,0.661682,1.38,1.96,-0.58,No,0.366972,0,0.22,2
314,CH,276,2,1.99,2.18,0,0,0,1,0.729346,2.18,1.99,0.19,No,0,0,0.19,2
315,CH,276,2,1.99,2.18,0,0,0,1,0.783476,2.18,1.99,0.19,No,0,0,0.19,2
316,CH,278,2,1.99,2.18,0,0,0,0,0.826781,2.18,1.99,0.19,No,0,0,0.19,2
317,MM,238,3,1.79,2.09,0,0,0,0,0.7952,2.09,1.79,0.3,No,0,0,0.3,3
318,CH,241,3,1.79,2.23,0,0,0,0,0.63616,2.23,1.79,0.44,No,0,0,0.44,3
319,CH,246,3,1.99,2.23,0,0,0,0,0.708928,2.23,1.99,0.24,No,0,0,0.24,3
320,CH,251,3,1.99,2.23,0,0,0,0,0.5,2.23,1.99,0.24,No,0,0,0.24,3
321,CH,257,3,1.99,2.29,0,0.4,0,1,0.6,1.89,1.99,-0.1,No,0.174672,0,0.3,3
322,CH,264,3,1.99,2.09,0.1,0,0,0,0.68,2.09,1.89,0.2,No,0,0.050251,0.1,3
323,MM,271,3,1.99,2.09,0.1,0.4,1,0,0.5,1.69,1.89,-0.2,No,0.191388,0.050251,0.1,3
324,CH,271,3,1.99,2.09,0.1,0.4,1,0,0.4,1.69,1.89,-0.2,No,0.191388,0.050251,0.1,3
325,MM,230,1,1.69,1.69,0,0.2,0,0,0.4,1.49,1.69,-0.2,No,0.118343,0,0,1
326,CH,231,1,1.69,1.69,0.3,0.2,1,0,0.32,1.49,1.39,0.1,No,0.118343,0.177515,0,1
327,CH,251,1,1.76,2.09,0,0,0,0,0.456,2.09,1.76,0.33,No,0,0,0.33,1
328,CH,266,1,1.86,1.99,0,0.1,0,0,0.5648,1.89,1.86,0.03,No,0.050251,0,0.13,1
329,MM,267,4,1.99,2.09,0.1,0,0,0,0.65184,2.09,1.89,0.2,No,0,0.050251,0.1,4
330,CH,268,7,1.86,2.13,0,0,0,0,0.4,2.13,1.86,0.27,Yes,0,0,0.27,0
331,MM,262,1,1.76,1.99,0,0.4,0,1,0.5,1.59,1.76,-0.17,No,0.201005,0,0.23,1
332,MM,266,1,1.86,1.99,0,0.1,0,0,0.4,1.89,1.86,0.03,No,0.050251,0,0.13,1
333,MM,229,7,1.69,1.69,0,0.2,0,1,0.149422,1.49,1.69,-0.2,Yes,0.118343,0,0,0
334,MM,236,7,1.75,1.99,0,0.4,0,0,0.119538,1.59,1.75,-0.16,Yes,0.201005,0,0.24,0
335,MM,237,7,1.75,1.99,0,0.4,0,0,0.09563,1.59,1.75,-0.16,Yes,0.201005,0,0.24,0
336,MM,238,7,1.75,1.99,0,0.4,0,0,0.076504,1.59,1.75,-0.16,Yes,0.201005,0,0.24,0
337,MM,242,7,1.86,2.09,0,0,0,0,0.061203,2.09,1.86,0.23,Yes,0,0,0.23,0
338,MM,254,7,1.86,2.18,0,0,0,0,0.048963,2.18,1.86,0.32,Yes,0,0,0.32,0
339,MM,255,7,1.86,2.18,0,0,0,0,0.03917,2.18,1.86,0.32,Yes,0,0,0.32,0
340,CH,233,7,1.75,1.99,0,0.4,1,0,0.744,1.59,1.75,-0.16,Yes,0.201005,0,0.24,0
341,CH,251,7,1.86,2.09,0.1,0,0,0,0.7952,2.09,1.76,0.33,Yes,0,0.053763,0.23,0
342,CH,253,7,1.86,2.09,0.1,0,0,0,0.83616,2.09,1.76,0.33,Yes,0,0.053763,0.23,0
343,CH,254,1,1.76,2.09,0,0,0,0,0.868928,2.09,1.76,0.33,No,0,0,0.33,1
344,CH,260,7,1.86,2.13,0,0.24,0,0,0.895142,1.89,1.86,0.03,Yes,0.112676,0,0.27,0
345,CH,261,7,1.86,2.13,0,0.24,0,0,0.916114,1.89,1.86,0.03,Yes,0.112676,0,0.27,0
346,CH,263,7,1.86,2.13,0.27,0,0,0,0.932891,2.13,1.59,0.54,Yes,0,0.145161,0.27,0
347,CH,264,7,1.86,2.13,0.37,0,1,0,0.946313,2.13,1.49,0.64,Yes,0,0.198925,0.27,0
348,CH,267,7,1.86,2.13,0,0,1,0,0.95705,2.13,1.86,0.27,Yes,0,0,0.27,0
349,CH,268,7,1.86,2.13,0,0,0,0,0.96564,2.13,1.86,0.27,Yes,0,0,0.27,0
350,CH,269,7,1.86,2.13,0.27,0,1,0,0.972512,2.13,1.59,0.54,Yes,0,0.145161,0.27,0
351,CH,277,7,1.99,2.13,0.5,0,0,1,0.97801,2.13,1.49,0.64,Yes,0,0.251256,0.14,0
352,CH,278,7,2.06,2.13,0,0,0,0,0.982408,2.13,2.06,0.07,Yes,0,0,0.07,0
353,CH,230,4,1.79,1.79,0,0,0,0,0.52,1.79,1.79,0,No,0,0,0,4
354,MM,273,4,1.99,2.09,0,0.4,0,0,0.616,1.69,1.99,-0.3,No,0.191388,0,0.1,4
355,MM,227,4,1.79,1.79,0,0,0,1,0.5,1.79,1.79,0,No,0,0,0,4
356,MM,229,4,1.79,1.79,0,0,0,0,0.4,1.79,1.79,0,No,0,0,0,4
357,MM,230,4,1.79,1.79,0,0,0,0,0.32,1.79,1.79,0,No,0,0,0,4
358,MM,252,4,1.99,2.23,0,0,0,0,0.5,2.23,1.99,0.24,No,0,0,0.24,4
359,CH,265,4,1.99,2.09,0.1,0,0,0,0.4,2.09,1.89,0.2,No,0,0.050251,0.1,4
360,CH,262,4,1.99,2.09,0,0,0,0,0.6,2.09,1.99,0.1,No,0,0,0.1,4
361,MM,275,7,1.99,2.13,0,0.54,1,0,0.6,1.59,1.99,-0.4,Yes,0.253521,0,0.14,0
362,MM,259,7,1.86,2.18,0,0,0,0,0.4,2.18,1.86,0.32,Yes,0,0,0.32,0
363,MM,261,7,1.86,2.13,0,0.24,0,0,0.32,1.89,1.86,0.03,Yes,0.112676,0,0.27,0
364,MM,240,4,1.79,2.23,0,0,0,0,0.5,2.23,1.79,0.44,No,0,0,0.44,4
365,MM,244,1,1.86,2.09,0,0,0,0,0.4,2.09,1.86,0.23,No,0,0,0.23,1
366,MM,233,7,1.75,1.99,0,0.4,1,0,0.4,1.59,1.75,-0.16,Yes,0.201005,0,0.24,0
367,MM,256,3,1.99,2.29,0,0,0,0,0.32,2.29,1.99,0.3,No,0,0,0.3,3
368,MM,258,2,1.86,2.18,0,0,0,0,0.256,2.18,1.86,0.32,No,0,0,0.32,2
369,CH,264,7,1.86,2.13,0.37,0,1,0,0.2048,2.13,1.49,0.64,Yes,0,0.198925,0.27,0
370,CH,266,2,1.86,2.18,0,0,0,0,0.36384,2.18,1.86,0.32,No,0,0,0.32,2
371,MM,267,1,1.86,1.99,0,0.2,0,1,0.491072,1.79,1.86,-0.07,No,0.100503,0,0.13,1
372,MM,274,2,1.96,2.18,0,0.8,0,1,0.392858,1.38,1.96,-0.58,No,0.366972,0,0.22,2
373,CH,274,7,1.86,2.13,0.47,0.54,1,0,0.314286,1.59,1.39,0.2,Yes,0.253521,0.252688,0.27,0
374,MM,228,1,1.69,1.69,0,0,0,0,0.5,1.69,1.69,0,No,0,0,0,1
375,MM,237,2,1.75,1.99,0,0,0,0,0.4,1.99,1.75,0.24,No,0,0,0.24,2
376,CH,258,1,1.76,2.18,0,0,0,0,0.32,2.18,1.76,0.42,No,0,0,0.42,1
377,MM,228,2,1.69,1.69,0,0,0,0,0.256,1.69,1.69,0,No,0,0,0,2
378,MM,229,2,1.69,1.69,0,0,0,0,0.2048,1.69,1.69,0,No,0,0,0,2
379,MM,236,2,1.75,1.99,0,0,0,0,0.16384,1.99,1.75,0.24,No,0,0,0.24,2
380,MM,242,2,1.75,1.99,0.16,0.3,0,1,0.131072,1.69,1.59,0.1,No,0.150754,0.091429,0.24,2
381,CH,254,2,1.89,2.09,0.13,0,0,0,0.104858,2.09,1.76,0.33,No,0,0.068783,0.2,2
382,CH,257,2,1.86,2.18,0,0,0,0,0.283886,2.18,1.86,0.32,No,0,0,0.32,2
383,MM,260,2,1.86,2.18,0,0.7,0,0,0.427109,1.48,1.86,-0.38,No,0.321101,0,0.32,2
384,CH,227,7,1.69,1.69,0,0,0,1,0.072993,1.69,1.69,0,Yes,0,0,0,0
385,MM,227,2,1.69,1.69,0,0,0,0,0.258395,1.69,1.69,0,No,0,0,0,2
386,MM,228,2,1.69,1.69,0,0,0,0,0.206716,1.69,1.69,0,No,0,0,0,2
387,MM,229,2,1.69,1.69,0,0,0,0,0.165373,1.69,1.69,0,No,0,0,0,2
388,MM,230,7,1.69,1.99,0,0,0,1,0.132298,1.99,1.69,0.3,Yes,0,0,0.3,0
389,MM,233,2,1.69,1.69,0,0,0,0,0.105838,1.69,1.69,0,No,0,0,0,2
390,CH,235,7,1.75,1.99,0,0.4,0,0,0.084671,1.59,1.75,-0.16,Yes,0.201005,0,0.24,0
391,MM,236,2,1.75,1.99,0,0,0,0,0.267737,1.99,1.75,0.24,No,0,0,0.24,2
392,MM,237,2,1.75,1.99,0,0,0,0,0.214189,1.99,1.75,0.24,No,0,0,0.24,2
393,MM,237,2,1.75,1.99,0,0,0,0,0.171351,1.99,1.75,0.24,No,0,0,0.24,2
394,CH,239,7,1.79,2.09,0,0,0,0,0.137081,2.09,1.79,0.3,Yes,0,0,0.3,0
395,MM,240,7,1.86,2.09,0,0,0,0,0.309665,2.09,1.86,0.23,Yes,0,0,0.23,0
396,MM,242,2,1.75,1.99,0.16,0.3,0,1,0.247732,1.69,1.59,0.1,No,0.150754,0.091429,0.24,2
397,CH,257,7,1.86,2.18,0,0,0,0,0.198186,2.18,1.86,0.32,Yes,0,0,0.32,0
398,MM,258,7,1.86,2.18,0,0,0,0,0.358548,2.18,1.86,0.32,Yes,0,0,0.32,0
399,CH,264,7,1.86,2.13,0.37,0,1,0,0.286839,2.13,1.49,0.64,Yes,0,0.198925,0.27,0
400,MM,271,7,1.86,2.13,0,0,0,0,0.429471,2.13,1.86,0.27,Yes,0,0,0.27,0
401,MM,272,3,1.99,2.09,0,0.4,0,0,0.343577,1.69,1.99,-0.3,No,0.191388,0,0.1,3
402,MM,272,2,1.86,2.18,0,0.06,0,0,0.274861,2.12,1.86,0.26,No,0.027523,0,0.32,2
403,MM,274,7,1.86,2.13,0.47,0.54,1,0,0.219889,1.59,1.39,0.2,Yes,0.253521,0.252688,0.27,0
404,MM,274,2,1.96,2.18,0,0.8,0,1,0.175911,1.38,1.96,-0.58,No,0.366972,0,0.22,2
405,MM,275,7,1.99,2.13,0,0.54,1,0,0.140729,1.59,1.99,-0.4,Yes,0.253521,0,0.14,0
406,MM,276,7,1.99,2.13,0,0.54,0,1,0.112583,1.59,1.99,-0.4,Yes,0.253521,0,0.14,0
407,MM,227,1,1.69,1.69,0,0,0,0,0.433472,1.69,1.69,0,No,0,0,0,1
408,MM,236,1,1.75,1.99,0,0,0,0,0.346778,1.99,1.75,0.24,No,0,0,0.24,1
409,CH,243,1,1.86,1.99,0,0.8,0,1,0.277422,1.19,1.86,-0.67,No,0.40201,0,0.13,1
410,MM,255,7,1.86,2.18,0,0,0,0,0.421938,2.18,1.86,0.32,Yes,0,0,0.32,0
411,MM,261,7,1.86,2.13,0,0.24,0,0,0.33755,1.89,1.86,0.03,Yes,0.112676,0,0.27,0
412,MM,230,3,1.79,1.79,0,0,0,0,0.283886,1.79,1.79,0,No,0,0,0,3
413,MM,234,7,1.75,1.99,0,0.4,1,0,0.227109,1.59,1.75,-0.16,Yes,0.201005,0,0.24,0
414,MM,235,3,1.79,2.09,0,0,0,0,0.181687,2.09,1.79,0.3,No,0,0,0.3,3
415,MM,238,3,1.79,2.09,0,0,0,0,0.14535,2.09,1.79,0.3,No,0,0,0.3,3
416,MM,241,3,1.79,2.23,0,0,0,0,0.11628,2.23,1.79,0.44,No,0,0,0.44,3
417,MM,244,7,1.86,2.09,0,0.2,0,0,0.093024,1.89,1.86,0.03,Yes,0.095694,0,0.23,0
418,MM,257,3,1.99,2.29,0,0.4,0,1,0.074419,1.89,1.99,-0.1,No,0.174672,0,0.3,3
419,MM,258,2,1.86,2.18,0,0,0,0,0.059535,2.18,1.86,0.32,No,0,0,0.32,2
420,MM,259,3,1.99,2.29,0,0,0,0,0.047628,2.29,1.99,0.3,No,0,0,0.3,3
421,MM,260,3,1.99,2.09,0,0,0,0,0.038103,2.09,1.99,0.1,No,0,0,0.1,3
422,MM,261,3,1.99,2.09,0,0,0,0,0.030482,2.09,1.99,0.1,No,0,0,0.1,3
423,CH,232,2,1.69,1.69,0,0,1,0,0.4352,1.69,1.69,0,No,0,0,0,2
424,CH,235,2,1.69,1.99,0,0,0,0,0.54816,1.99,1.69,0.3,No,0,0,0.3,2
425,CH,242,3,1.99,2.23,0,0,0,0,0.416,2.23,1.99,0.24,No,0,0,0.24,3
426,CH,277,3,2.09,2.09,0.2,0.4,0,0,0.5328,1.69,1.89,-0.2,No,0.191388,0.095694,0,3
427,CH,262,4,1.99,2.09,0,0,0,0,0.104858,2.09,1.99,0.1,No,0,0,0.1,4
428,CH,264,7,1.86,2.13,0.37,0,1,0,0.283886,2.13,1.49,0.64,Yes,0,0.198925,0.27,0
429,MM,265,7,1.86,2.13,0.37,0,1,0,0.427109,2.13,1.49,0.64,Yes,0,0.198925,0.27,0
430,MM,267,4,1.99,2.09,0.1,0,0,0,0.341687,2.09,1.89,0.2,No,0,0.050251,0.1,4
431,MM,270,4,1.99,2.09,0.1,0,0,0,0.27335,2.09,1.89,0.2,No,0,0.050251,0.1,4
432,MM,272,7,1.86,2.13,0,0,0,0,0.21868,2.13,1.86,0.27,Yes,0,0,0.27,0
433,CH,234,7,1.75,1.99,0,0.4,1,0,0.5,1.59,1.75,-0.16,Yes,0.201005,0,0.24,0
434,MM,243,1,1.86,1.99,0,0.8,0,1,0.6,1.19,1.86,-0.67,No,0.40201,0,0.13,1
435,MM,257,4,1.99,2.29,0,0.4,0,1,0.48,1.89,1.99,-0.1,No,0.174672,0,0.3,4
436,MM,261,1,1.76,1.99,0,0,0,0,0.384,1.99,1.76,0.23,No,0,0,0.23,1
437,CH,265,1,1.76,1.99,0,0.1,0,0,0.3072,1.89,1.76,0.13,No,0.050251,0,0.23,1
438,MM,275,1,1.96,2.13,0,0.74,0,1,0.44576,1.39,1.96,-0.57,No,0.347418,0,0.17,1
439,MM,243,1,1.86,1.99,0,0.8,0,1,0.6,1.19,1.86,-0.67,No,0.40201,0,0.13,1
440,CH,251,1,1.76,2.09,0,0,0,0,0.48,2.09,1.76,0.33,No,0,0,0.33,1
441,CH,256,1,1.76,2.18,0,0,0,0,0.584,2.18,1.76,0.42,No,0,0,0.42,1
442,CH,257,1,1.76,2.18,0,0,0,0,0.6672,2.18,1.76,0.42,No,0,0,0.42,1
443,CH,258,1,1.76,2.18,0,0,0,0,0.73376,2.18,1.76,0.42,No,0,0,0.42,1
444,CH,261,1,1.76,1.99,0,0,0,0,0.787008,1.99,1.76,0.23,No,0,0,0.23,1
445,CH,266,1,1.86,1.99,0,0.1,0,0,0.829606,1.89,1.86,0.03,No,0.050251,0,0.13,1
446,MM,275,1,1.96,2.13,0,0.74,0,1,0.863685,1.39,1.96,-0.57,No,0.347418,0,0.17,1
447,CH,233,7,1.75,1.99,0,0.4,1,0,0.524608,1.59,1.75,-0.16,Yes,0.201005,0,0.24,0
448,CH,256,7,1.86,2.18,0,0,0,0,0.619686,2.18,1.86,0.32,Yes,0,0,0.32,0
449,MM,260,3,1.99,2.09,0,0,0,0,0.695749,2.09,1.99,0.1,No,0,0,0.1,3
450,MM,262,2,1.86,2.18,0,0.6,0,1,0.556599,1.58,1.86,-0.28,No,0.275229,0,0.32,2
451,MM,263,2,1.86,2.18,0,0,0,1,0.445279,2.18,1.86,0.32,No,0,0,0.32,2
452,CH,264,7,1.86,2.13,0.37,0,1,0,0.356224,2.13,1.49,0.64,Yes,0,0.198925,0.27,0
453,CH,267,2,1.86,2.18,0,0.4,0,1,0.484979,1.78,1.86,-0.08,No,0.183486,0,0.32,2
454,CH,268,2,1.86,2.18,0,0,0,1,0.587983,2.18,1.86,0.32,No,0,0,0.32,2
455,MM,271,3,1.99,2.09,0.1,0.4,1,0,0.670386,1.69,1.89,-0.2,No,0.191388,0.050251,0.1,3
456,CH,272,2,1.86,2.18,0,0.06,0,0,0.536309,2.12,1.86,0.26,No,0.027523,0,0.32,2
457,CH,274,7,1.86,2.13,0.47,0.54,1,0,0.629047,1.59,1.39,0.2,Yes,0.253521,0.252688,0.27,0
458,MM,275,7,1.99,2.13,0,0.54,1,0,0.703238,1.59,1.99,-0.4,Yes,0.253521,0,0.14,0
459,MM,275,2,1.96,2.18,0,0.8,0,1,0.56259,1.38,1.96,-0.58,No,0.366972,0,0.22,2
460,MM,277,3,2.09,2.09,0.2,0.4,0,0,0.450072,1.69,1.89,-0.2,No,0.191388,0.095694,0,3
461,MM,246,2,1.89,2.09,0,0,0,0,0.48,2.09,1.89,0.2,No,0,0,0.2,2
462,CH,227,4,1.79,1.79,0,0,0,1,0.48,1.79,1.79,0,No,0,0,0,4
463,CH,228,7,1.69,1.69,0,0,0,0,0.584,1.69,1.69,0,Yes,0,0,0,0
464,CH,255,7,1.86,2.18,0,0,0,0,0.6672,2.18,1.86,0.32,Yes,0,0,0.32,0
465,CH,265,7,1.86,2.13,0.37,0,1,0,0.73376,2.13,1.49,0.64,Yes,0,0.198925,0.27,0
466,CH,267,7,1.86,2.13,0,0,1,0,0.787008,2.13,1.86,0.27,Yes,0,0,0.27,0
467,CH,269,7,1.86,2.13,0.27,0,1,0,0.829606,2.13,1.59,0.54,Yes,0,0.145161,0.27,0
468,CH,271,7,1.86,2.13,0,0,0,0,0.863685,2.13,1.86,0.27,Yes,0,0,0.27,0
469,CH,272,7,1.86,2.13,0,0,0,0,0.890948,2.13,1.86,0.27,Yes,0,0,0.27,0
470,CH,274,7,1.86,2.13,0.47,0.54,1,0,0.912758,1.59,1.39,0.2,Yes,0.253521,0.252688,0.27,0
471,CH,274,7,1.86,2.13,0.47,0.54,1,0,0.5,1.59,1.39,0.2,Yes,0.253521,0.252688,0.27,0
472,MM,275,2,1.96,2.18,0,0.8,0,1,0.6,1.38,1.96,-0.58,No,0.366972,0,0.22,2
473,MM,276,7,1.99,2.13,0,0.54,0,1,0.48,1.59,1.99,-0.4,Yes,0.253521,0,0.14,0
474,CH,277,7,1.99,2.13,0.5,0,0,1,0.384,2.13,1.49,0.64,Yes,0,0.251256,0.14,0
475,MM,246,7,1.86,2.09,0,0,0,0,0.256,2.09,1.86,0.23,Yes,0,0,0.23,0
476,CH,253,7,1.86,2.09,0.1,0,0,0,0.4,2.09,1.76,0.33,Yes,0,0.053763,0.23,0
477,CH,266,7,1.86,2.13,0.37,0,1,0,0.52,2.13,1.49,0.64,Yes,0,0.198925,0.27,0
478,CH,266,7,1.86,2.13,0.37,0,1,0,0.616,2.13,1.49,0.64,Yes,0,0.198925,0.27,0
479,CH,267,7,1.86,2.13,0,0,1,0,0.6928,2.13,1.86,0.27,Yes,0,0,0.27,0
480,CH,269,7,1.86,2.13,0.27,0,1,0,0.75424,2.13,1.59,0.54,Yes,0,0.145161,0.27,0
481,CH,274,7,1.86,2.13,0.47,0.54,1,0,0.803392,1.59,1.39,0.2,Yes,0.253521,0.252688,0.27,0
482,CH,253,2,1.89,2.09,0.13,0,0,0,0.6,2.09,1.76,0.33,No,0,0.068783,0.2,2
483,CH,255,2,1.89,2.18,0.13,0,0,0,0.68,2.18,1.76,0.42,No,0,0.068783,0.29,2
484,CH,264,2,1.86,2.18,0,0,0,0,0.584,2.18,1.86,0.32,No,0,0,0.32,2
485,CH,235,3,1.79,2.09,0,0,0,0,0.5,2.09,1.79,0.3,No,0,0,0.3,3
486,CH,236,3,1.79,2.09,0,0,0,0,0.6,2.09,1.79,0.3,No,0,0,0.3,3
487,CH,237,2,1.75,1.99,0,0,0,0,0.68,1.99,1.75,0.24,No,0,0,0.24,2
488,CH,238,2,1.75,1.99,0,0,0,0,0.744,1.99,1.75,0.24,No,0,0,0.24,2
489,CH,239,3,1.79,2.23,0,0,0,0,0.7952,2.23,1.79,0.44,No,0,0,0.44,3
490,CH,240,2,1.75,1.99,0,0.3,0,1,0.83616,1.69,1.75,-0.06,No,0.150754,0,0.24,2
491,CH,241,3,1.79,2.23,0,0,0,0,0.868928,2.23,1.79,0.44,No,0,0,0.44,3
492,CH,242,2,1.75,1.99,0.16,0.3,0,1,0.895142,1.69,1.59,0.1,No,0.150754,0.091429,0.24,2
493,CH,245,3,1.99,2.23,0,0,0,0,0.916114,2.23,1.99,0.24,No,0,0,0.24,3
494,CH,246,3,1.99,2.23,0,0,0,0,0.5,2.23,1.99,0.24,No,0,0,0.24,3
495,MM,267,3,1.99,2.09,0.1,0,0,0,0.6,2.09,1.89,0.2,No,0,0.050251,0.1,3
496,MM,232,2,1.69,1.69,0,0,1,0,0.5,1.69,1.69,0,No,0,0,0,2
497,MM,262,2,1.86,2.18,0,0.6,0,1,0.4,1.58,1.86,-0.28,No,0.275229,0,0.32,2
498,MM,267,2,1.86,2.18,0,0.4,0,1,0.32,1.78,1.86,-0.08,No,0.183486,0,0.32,2
499,MM,274,2,1.96,2.18,0,0.8,0,1,0.256,1.38,1.96,-0.58,No,0.366972,0,0.22,2
500,MM,276,7,1.99,2.13,0,0.54,0,1,0.2048,1.59,1.99,-0.4,Yes,0.253521,0,0.14,0
501,CH,229,3,1.79,1.79,0,0,0,0,0.4,1.79,1.79,0,No,0,0,0,3
502,CH,232,3,1.79,2.09,0,0,0,0,0.52,2.09,1.79,0.3,No,0,0,0.3,3
503,CH,235,3,1.79,2.09,0,0,0,0,0.616,2.09,1.79,0.3,No,0,0,0.3,3
504,CH,240,3,1.79,2.23,0,0,0,0,0.6928,2.23,1.79,0.44,No,0,0,0.44,3
505,CH,244,3,1.99,2.23,0,0,0,0,0.75424,2.23,1.99,0.24,No,0,0,0.24,3
506,CH,248,3,1.99,2.23,0,0,0,0,0.803392,2.23,1.99,0.24,No,0,0,0.24,3
507,CH,249,3,1.99,2.23,0,0,0,0,0.842714,2.23,1.99,0.24,No,0,0,0.24,3
508,CH,252,3,1.99,2.23,0,0,0,0,0.874171,2.23,1.99,0.24,No,0,0,0.24,3
509,CH,255,3,1.99,2.29,0,0,0,0,0.899337,2.29,1.99,0.3,No,0,0,0.3,3
510,CH,258,3,1.99,2.29,0,0,0,0,0.919469,2.29,1.99,0.3,No,0,0,0.3,3
511,CH,260,3,1.99,2.09,0,0,0,0,0.935575,2.09,1.99,0.1,No,0,0,0.1,3
512,CH,263,3,1.99,2.09,0,0,0,0,0.94846,2.09,1.99,0.1,No,0,0,0.1,3
513,CH,266,3,1.99,2.09,0.1,0,0,0,0.958768,2.09,1.89,0.2,No,0,0.050251,0.1,3
514,CH,269,3,1.99,2.09,0.1,0,0,0,0.967015,2.09,1.89,0.2,No,0,0.050251,0.1,3
515,CH,271,3,1.99,2.09,0.1,0.4,1,0,0.973612,1.69,1.89,-0.2,No,0.191388,0.050251,0.1,3
516,CH,274,3,1.99,2.09,0,0.4,0,0,0.978889,1.69,1.99,-0.3,No,0.191388,0,0.1,3
517,CH,276,3,2.09,2.09,0.2,0.4,0,0,0.983112,1.69,1.89,-0.2,No,0.191388,0.095694,0,3
518,CH,278,3,2.09,2.09,0.2,0,0,0,0.986489,2.09,1.89,0.2,No,0,0.095694,0,3
519,CH,231,2,1.69,1.69,0.3,0,1,0,0.5,1.69,1.39,0.3,No,0,0.177515,0,2
520,CH,257,2,1.86,2.18,0,0,0,0,0.6,2.18,1.86,0.32,No,0,0,0.32,2
521,CH,259,2,1.86,2.18,0,0.4,0,1,0.68,1.78,1.86,-0.08,No,0.183486,0,0.32,2
522,MM,275,2,1.96,2.18,0,0.8,0,1,0.744,1.38,1.96,-0.58,No,0.366972,0,0.22,2
523,MM,241,1,1.86,1.99,0,0.3,0,1,0.5,1.69,1.86,-0.17,No,0.150754,0,0.13,1
524,MM,277,7,1.99,2.13,0.5,0,0,1,0.4,2.13,1.49,0.64,Yes,0,0.251256,0.14,0
525,MM,262,1,1.76,1.99,0,0.4,0,1,0.5,1.59,1.76,-0.17,No,0.201005,0,0.23,1
526,MM,263,1,1.76,1.99,0,0.4,0,1,0.4,1.59,1.76,-0.17,No,0.201005,0,0.23,1
527,CH,242,3,1.99,2.23,0,0,0,0,0.6,2.23,1.99,0.24,No,0,0,0.24,3
528,CH,247,2,1.89,2.09,0,0,0,0,0.68,2.09,1.89,0.2,No,0,0,0.2,2
529,CH,250,2,1.89,2.09,0,0,0,0,0.744,2.09,1.89,0.2,No,0,0,0.2,2
530,CH,236,7,1.75,1.99,0,0.4,0,0,0.6,1.59,1.75,-0.16,Yes,0.201005,0,0.24,0
531,MM,236,2,1.75,1.99,0,0,0,0,0.68,1.99,1.75,0.24,No,0,0,0.24,2
532,CH,237,7,1.75,1.99,0,0.4,0,0,0.544,1.59,1.75,-0.16,Yes,0.201005,0,0.24,0
533,CH,238,4,1.79,2.09,0,0,0,0,0.6352,2.09,1.79,0.3,No,0,0,0.3,4
534,CH,239,2,1.75,1.99,0,0.3,0,1,0.70816,1.69,1.75,-0.06,No,0.150754,0,0.24,2
535,CH,254,7,1.86,2.18,0,0,0,0,0.766528,2.18,1.86,0.32,Yes,0,0,0.32,0
536,CH,263,7,1.86,2.13,0.27,0,0,0,0.813222,2.13,1.59,0.54,Yes,0,0.145161,0.27,0
537,CH,264,7,1.86,2.13,0.37,0,1,0,0.850578,2.13,1.49,0.64,Yes,0,0.198925,0.27,0
538,CH,266,4,1.99,2.09,0.1,0,0,0,0.880462,2.09,1.89,0.2,No,0,0.050251,0.1,4
539,CH,259,7,1.86,2.18,0,0,0,0,0.32,2.18,1.86,0.32,Yes,0,0,0.32,0
540,MM,274,7,1.86,2.13,0.47,0.54,1,0,0.5,1.59,1.39,0.2,Yes,0.253521,0.252688,0.27,0
541,CH,274,7,1.86,2.13,0.47,0.54,1,0,0.4,1.59,1.39,0.2,Yes,0.253521,0.252688,0.27,0
542,CH,259,7,1.86,2.18,0,0,0,0,0.5,2.18,1.86,0.32,Yes,0,0,0.32,0
543,CH,274,7,1.86,2.13,0.47,0.54,1,0,0.6,1.59,1.39,0.2,Yes,0.253521,0.252688,0.27,0
544,MM,228,3,1.79,1.79,0,0,0,0,0.26624,1.79,1.79,0,No,0,0,0,3
545,MM,231,2,1.69,1.69,0.3,0,1,0,0.212992,1.69,1.39,0.3,No,0,0.177515,0,2
546,MM,232,2,1.69,1.69,0,0,1,0,0.170394,1.69,1.69,0,No,0,0,0,2
547,MM,234,2,1.69,1.99,0,0,0,0,0.136315,1.99,1.69,0.3,No,0,0,0.3,2
548,MM,235,2,1.69,1.99,0,0,0,0,0.109052,1.99,1.69,0.3,No,0,0,0.3,2
549,MM,236,2,1.75,1.99,0,0,0,0,0.087242,1.99,1.75,0.24,No,0,0,0.24,2
550,MM,236,7,1.75,1.99,0,0.4,0,0,0.069793,1.59,1.75,-0.16,Yes,0.201005,0,0.24,0
551,MM,238,2,1.75,1.99,0,0,0,0,0.055835,1.99,1.75,0.24,No,0,0,0.24,2
552,MM,239,2,1.75,1.99,0,0.3,0,1,0.044668,1.69,1.75,-0.06,No,0.150754,0,0.24,2
553,CH,241,1,1.86,1.99,0,0.3,0,1,0.035734,1.69,1.86,-0.17,No,0.150754,0,0.13,1
554,MM,245,2,1.89,2.09,0,0,0,0,0.228587,2.09,1.89,0.2,No,0,0,0.2,2
555,CH,251,2,1.89,2.09,0.13,0,0,0,0.18287,2.09,1.76,0.33,No,0,0.068783,0.2,2
556,CH,258,7,1.86,2.18,0,0,0,0,0.346296,2.18,1.86,0.32,Yes,0,0,0.32,0
557,MM,275,1,1.96,2.13,0,0.74,0,1,0.477037,1.39,1.96,-0.57,No,0.347418,0,0.17,1
558,MM,276,1,1.99,2.13,0,0,0,1,0.381629,2.13,1.99,0.14,No,0,0,0.14,1
559,CH,233,7,1.75,1.99,0,0.4,1,0,0.5,1.59,1.75,-0.16,Yes,0.201005,0,0.24,0
560,CH,270,7,1.86,2.13,0.27,0,1,0,0.6,2.13,1.59,0.54,Yes,0,0.145161,0.27,0
561,MM,245,2,1.89,2.09,0,0,0,0,0.5,2.09,1.89,0.2,No,0,0,0.2,2
562,CH,278,7,2.06,2.13,0,0,0,0,0.4,2.13,2.06,0.07,Yes,0,0,0.07,0
563,CH,230,4,1.79,1.79,0,0,0,0,0.6672,1.79,1.79,0,No,0,0,0,4
564,CH,253,1,1.76,2.09,0,0,0,0,0.5,2.09,1.76,0.33,No,0,0,0.33,1
565,CH,266,7,1.86,2.13,0.37,0,1,0,0.6,2.13,1.49,0.64,Yes,0,0.198925,0.27,0
566,MM,227,4,1.79,1.79,0,0,0,1,0.4,1.79,1.79,0,No,0,0,0,4
567,MM,233,7,1.75,1.99,0,0.4,1,0,0.4,1.59,1.75,-0.16,Yes,0.201005,0,0.24,0
568,CH,277,7,1.99,2.13,0.5,0,0,1,0.32,2.13,1.49,0.64,Yes,0,0.251256,0.14,0
569,MM,247,1,1.86,2.09,0,0,0,0,0.5,2.09,1.86,0.23,No,0,0,0.23,1
570,MM,253,1,1.76,2.09,0,0,0,0,0.4,2.09,1.76,0.33,No,0,0,0.33,1
571,MM,236,3,1.79,2.09,0,0,0,0,0.077677,2.09,1.79,0.3,No,0,0,0.3,3
572,CH,237,3,1.79,2.09,0,0,0,0,0.062142,2.09,1.79,0.3,No,0,0,0.3,3
573,MM,240,3,1.79,2.23,0,0,0,0,0.249713,2.23,1.79,0.44,No,0,0,0.44,3
574,CH,255,3,1.99,2.29,0,0,0,0,0.199771,2.29,1.99,0.3,No,0,0,0.3,3
575,MM,256,3,1.99,2.29,0,0,0,0,0.359817,2.29,1.99,0.3,No,0,0,0.3,3
576,CH,270,3,1.99,2.09,0.1,0,0,0,0.287853,2.09,1.89,0.2,No,0,0.050251,0.1,3
577,CH,230,7,1.69,1.99,0,0,0,1,0.6,1.99,1.69,0.3,Yes,0,0,0.3,0
578,CH,250,7,1.86,2.09,0,0,0,0,0.5,2.09,1.86,0.23,Yes,0,0,0.23,0
579,CH,272,7,1.86,2.13,0,0,0,0,0.6,2.13,1.86,0.27,Yes,0,0,0.27,0
580,CH,254,7,1.86,2.18,0,0,0,0,0.5,2.18,1.86,0.32,Yes,0,0,0.32,0
581,CH,255,7,1.86,2.18,0,0,0,0,0.6,2.18,1.86,0.32,Yes,0,0,0.32,0
582,CH,258,7,1.86,2.18,0,0,0,0,0.68,2.18,1.86,0.32,Yes,0,0,0.32,0
583,CH,260,7,1.86,2.13,0,0.24,0,0,0.744,1.89,1.86,0.03,Yes,0.112676,0,0.27,0
584,CH,263,7,1.86,2.13,0.27,0,0,0,0.7952,2.13,1.59,0.54,Yes,0,0.145161,0.27,0
585,CH,264,7,1.86,2.13,0.37,0,1,0,0.83616,2.13,1.49,0.64,Yes,0,0.198925,0.27,0
586,CH,265,7,1.86,2.13,0.37,0,1,0,0.868928,2.13,1.49,0.64,Yes,0,0.198925,0.27,0
587,CH,272,7,1.86,2.13,0,0,0,0,0.895142,2.13,1.86,0.27,Yes,0,0,0.27,0
588,CH,231,1,1.69,1.69,0.3,0.2,1,0,0.5,1.49,1.39,0.1,No,0.118343,0.177515,0,1
589,MM,234,7,1.75,1.99,0,0.4,1,0,0.6,1.59,1.75,-0.16,Yes,0.201005,0,0.24,0
590,CH,251,7,1.86,2.09,0.1,0,0,0,0.48,2.09,1.76,0.33,Yes,0,0.053763,0.23,0
591,CH,253,7,1.86,2.09,0.1,0,0,0,0.584,2.09,1.76,0.33,Yes,0,0.053763,0.23,0
592,CH,254,7,1.86,2.18,0,0,0,0,0.6672,2.18,1.86,0.32,Yes,0,0,0.32,0
593,CH,254,7,1.86,2.18,0,0,0,0,0.73376,2.18,1.86,0.32,Yes,0,0,0.32,0
594,CH,255,7,1.86,2.18,0,0,0,0,0.787008,2.18,1.86,0.32,Yes,0,0,0.32,0
595,CH,256,7,1.86,2.18,0,0,0,0,0.829606,2.18,1.86,0.32,Yes,0,0,0.32,0
596,CH,257,7,1.86,2.18,0,0,0,0,0.863685,2.18,1.86,0.32,Yes,0,0,0.32,0
597,CH,258,7,1.86,2.18,0,0,0,0,0.890948,2.18,1.86,0.32,Yes,0,0,0.32,0
598,CH,259,7,1.86,2.18,0,0,0,0,0.912758,2.18,1.86,0.32,Yes,0,0,0.32,0
599,CH,259,7,1.86,2.18,0,0,0,0,0.930207,2.18,1.86,0.32,Yes,0,0,0.32,0
600,CH,260,7,1.86,2.13,0,0.24,0,0,0.944165,1.89,1.86,0.03,Yes,0.112676,0,0.27,0
601,CH,260,7,1.86,2.13,0,0.24,0,0,0.955332,1.89,1.86,0.03,Yes,0.112676,0,0.27,0
602,CH,261,7,1.86,2.13,0,0.24,0,0,0.964266,1.89,1.86,0.03,Yes,0.112676,0,0.27,0
603,CH,262,7,1.86,2.13,0,0,0,0,0.971413,2.13,1.86,0.27,Yes,0,0,0.27,0
604,CH,262,7,1.86,2.13,0,0,0,0,0.97713,2.13,1.86,0.27,Yes,0,0,0.27,0
605,CH,264,7,1.86,2.13,0.37,0,1,0,0.981704,2.13,1.49,0.64,Yes,0,0.198925,0.27,0
606,CH,265,7,1.86,2.13,0.37,0,1,0,0.985363,2.13,1.49,0.64,Yes,0,0.198925,0.27,0
607,CH,266,1,1.86,1.99,0,0.1,0,0,0.988291,1.89,1.86,0.03,No,0.050251,0,0.13,1
608,CH,267,7,1.86,2.13,0,0,1,0,0.990633,2.13,1.86,0.27,Yes,0,0,0.27,0
609,CH,269,7,1.86,2.13,0.27,0,1,0,0.992506,2.13,1.59,0.54,Yes,0,0.145161,0.27,0
610,CH,277,7,1.99,2.13,0.5,0,0,1,0.994005,2.13,1.49,0.64,Yes,0,0.251256,0.14,0
611,MM,251,7,1.86,2.09,0.1,0,0,0,0.6,2.09,1.76,0.33,Yes,0,0.053763,0.23,0
612,CH,233,7,1.75,1.99,0,0.4,1,0,0.2048,1.59,1.75,-0.16,Yes,0.201005,0,0.24,0
613,CH,259,7,1.86,2.18,0,0,0,0,0.36384,2.18,1.86,0.32,Yes,0,0,0.32,0
614,CH,259,7,1.86,2.18,0,0,0,0,0.491072,2.18,1.86,0.32,Yes,0,0,0.32,0
615,CH,260,7,1.86,2.13,0,0.24,0,0,0.592858,1.89,1.86,0.03,Yes,0.112676,0,0.27,0
616,CH,262,7,1.86,2.13,0,0,0,0,0.674286,2.13,1.86,0.27,Yes,0,0,0.27,0
617,CH,262,7,1.86,2.13,0,0,0,0,0.739429,2.13,1.86,0.27,Yes,0,0,0.27,0
618,CH,264,1,1.76,1.99,0,0.4,0,0,0.791543,1.59,1.76,-0.17,No,0.201005,0,0.23,1
619,CH,265,1,1.76,1.99,0,0.1,0,0,0.833234,1.89,1.76,0.13,No,0.050251,0,0.23,1
620,CH,267,7,1.86,2.13,0,0,1,0,0.866588,2.13,1.86,0.27,Yes,0,0,0.27,0
621,CH,269,7,1.86,2.13,0.27,0,1,0,0.89327,2.13,1.59,0.54,Yes,0,0.145161,0.27,0
622,CH,270,1,1.86,2.18,0,0,0,0,0.914616,2.18,1.86,0.32,No,0,0,0.32,1
623,CH,271,1,1.86,2.18,0,0,0,0,0.931693,2.18,1.86,0.32,No,0,0,0.32,1
624,CH,272,1,1.86,2.18,0,0,0,0,0.945354,2.18,1.86,0.32,No,0,0,0.32,1
625,CH,272,1,1.86,2.18,0,0,0,0,0.956283,2.18,1.86,0.32,No,0,0,0.32,1
626,CH,273,7,1.86,2.13,0,0.54,0,0,0.965027,1.59,1.86,-0.27,Yes,0.253521,0,0.27,0
627,CH,274,7,1.86,2.13,0.47,0.54,1,0,0.972021,1.59,1.39,0.2,Yes,0.253521,0.252688,0.27,0
628,MM,242,2,1.75,1.99,0.16,0.3,0,1,0.4,1.69,1.59,0.1,No,0.150754,0.091429,0.24,2
629,CH,256,2,1.89,2.18,0.13,0,0,0,0.32,2.18,1.76,0.42,No,0,0.068783,0.29,2
630,MM,260,2,1.86,2.18,0,0.7,0,0,0.456,1.48,1.86,-0.38,No,0.321101,0,0.32,2
631,CH,246,3,1.99,2.23,0,0,0,0,0.5,2.23,1.99,0.24,No,0,0,0.24,3
632,CH,274,7,1.86,2.13,0.47,0.54,1,0,0.6,1.59,1.39,0.2,Yes,0.253521,0.252688,0.27,0
633,MM,242,1,1.86,1.99,0,0.3,0,1,0.3072,1.69,1.86,-0.17,No,0.150754,0,0.13,1
634,CH,239,3,1.79,2.23,0,0,0,0,0.813222,2.23,1.79,0.44,No,0,0,0.44,3
635,CH,241,3,1.79,2.23,0,0,0,0,0.850578,2.23,1.79,0.44,No,0,0,0.44,3
636,CH,244,3,1.99,2.23,0,0,0,0,0.880462,2.23,1.99,0.24,No,0,0,0.24,3
637,CH,268,3,1.99,2.09,0.1,0,0,0,0.90437,2.09,1.89,0.2,No,0,0.050251,0.1,3
638,CH,237,3,1.79,2.09,0,0,0,0,0.540992,2.09,1.79,0.3,No,0,0,0.3,3
639,MM,248,3,1.99,2.23,0,0,0,0,0.5,2.23,1.99,0.24,No,0,0,0.24,3
640,MM,262,2,1.86,2.18,0,0.6,0,1,0.4,1.58,1.86,-0.28,No,0.275229,0,0.32,2
641,CH,233,3,1.79,2.09,0,0,0,0,0.5072,2.09,1.79,0.3,No,0,0,0.3,3
642,MM,236,2,1.75,1.99,0,0,0,0,0.60576,1.99,1.75,0.24,No,0,0,0.24,2
643,CH,237,2,1.75,1.99,0,0,0,0,0.484608,1.99,1.75,0.24,No,0,0,0.24,2
644,CH,238,2,1.75,1.99,0,0,0,0,0.587686,1.99,1.75,0.24,No,0,0,0.24,2
645,CH,239,3,1.79,2.23,0,0,0,0,0.670149,2.23,1.79,0.44,No,0,0,0.44,3
646,CH,240,2,1.75,1.99,0,0.3,0,1,0.736119,1.69,1.75,-0.06,No,0.150754,0,0.24,2
647,CH,241,3,1.79,2.23,0,0,0,0,0.788895,2.23,1.79,0.44,No,0,0,0.44,3
648,CH,247,3,1.99,2.23,0,0,0,0,0.831116,2.23,1.99,0.24,No,0,0,0.24,3
649,CH,248,3,1.99,2.23,0,0,0,0,0.864893,2.23,1.99,0.24,No,0,0,0.24,3
650,CH,249,2,1.89,2.09,0,0,0,0,0.891914,2.09,1.89,0.2,No,0,0,0.2,2
651,CH,251,2,1.89,2.09,0.13,0,0,0,0.913532,2.09,1.76,0.33,No,0,0.068783,0.2,2
652,CH,254,2,1.89,2.09,0.13,0,0,0,0.930825,2.09,1.76,0.33,No,0,0.068783,0.2,2
653,CH,260,2,1.86,2.18,0,0.7,0,0,0.94466,1.48,1.86,-0.38,No,0.321101,0,0.32,2
654,CH,261,2,1.86,2.18,0,0,0,0,0.955728,2.18,1.86,0.32,No,0,0,0.32,2
655,CH,262,3,1.99,2.09,0,0,0,0,0.964583,2.09,1.99,0.1,No,0,0,0.1,3
656,CH,266,2,1.86,2.18,0,0,0,0,0.971666,2.18,1.86,0.32,No,0,0,0.32,2
657,CH,269,2,1.86,2.18,0,0,0,0,0.977333,2.18,1.86,0.32,No,0,0,0.32,2
658,CH,270,2,1.86,2.18,0,0,0,0,0.981866,2.18,1.86,0.32,No,0,0,0.32,2
659,MM,271,2,1.86,2.18,0,0.06,0,0,0.985493,2.12,1.86,0.26,No,0.027523,0,0.32,2
660,CH,271,2,1.86,2.18,0,0.06,0,0,0.788394,2.12,1.86,0.26,No,0.027523,0,0.32,2
661,CH,253,1,1.76,2.09,0,0,0,0,0.6,2.09,1.76,0.33,No,0,0,0.33,1
662,CH,266,7,1.86,2.13,0.37,0,1,0,0.68,2.13,1.49,0.64,Yes,0,0.198925,0.27,0
663,CH,265,7,1.86,2.13,0.37,0,1,0,0.4,2.13,1.49,0.64,Yes,0,0.198925,0.27,0
664,CH,267,7,1.86,2.13,0,0,1,0,0.52,2.13,1.86,0.27,Yes,0,0,0.27,0
665,MM,228,2,1.69,1.69,0,0,0,0,0.5,1.69,1.69,0,No,0,0,0,2
666,MM,243,1,1.86,1.99,0,0.8,0,1,0.4,1.19,1.86,-0.67,No,0.40201,0,0.13,1
667,MM,256,2,1.89,2.18,0.13,0,0,0,0.4,2.18,1.76,0.42,No,0,0.068783,0.29,2
668,MM,259,2,1.86,2.18,0,0.4,0,1,0.32,1.78,1.86,-0.08,No,0.183486,0,0.32,2
669,MM,261,2,1.86,2.18,0,0,0,0,0.256,2.18,1.86,0.32,No,0,0,0.32,2
670,CH,254,4,1.99,2.29,0,0,1,0,0.5,2.29,1.99,0.3,No,0,0,0.3,4
671,CH,260,1,1.76,1.99,0,0.2,0,0,0.6,1.79,1.76,0.03,No,0.100503,0,0.23,1
672,CH,266,1,1.86,1.99,0,0.1,0,0,0.68,1.89,1.86,0.03,No,0.050251,0,0.13,1
673,MM,267,1,1.86,1.99,0,0.2,0,1,0.744,1.79,1.86,-0.07,No,0.100503,0,0.13,1
674,MM,268,1,1.86,1.99,0,0.2,0,1,0.5952,1.79,1.86,-0.07,No,0.100503,0,0.13,1
675,CH,270,1,1.86,2.18,0,0,0,0,0.47616,2.18,1.86,0.32,No,0,0,0.32,1
676,CH,273,1,1.86,2.18,0,0,0,0,0.580928,2.18,1.86,0.32,No,0,0,0.32,1
677,CH,274,1,1.96,2.13,0,0.74,0,1,0.664742,1.39,1.96,-0.57,No,0.347418,0,0.17,1
678,MM,274,1,1.96,2.13,0,0.74,0,1,0.731794,1.39,1.96,-0.57,No,0.347418,0,0.17,1
679,CH,277,1,1.99,2.13,0.24,0,0,0,0.585435,2.13,1.75,0.38,No,0,0.120603,0.14,1
680,MM,235,7,1.75,1.99,0,0.4,0,0,0.4,1.59,1.75,-0.16,Yes,0.201005,0,0.24,0
681,MM,240,7,1.86,2.09,0,0,0,0,0.32,2.09,1.86,0.23,Yes,0,0,0.23,0
682,MM,242,3,1.99,2.23,0,0,0,0,0.256,2.23,1.99,0.24,No,0,0,0.24,3
683,MM,243,7,1.86,2.09,0,0.2,0,0,0.2048,1.89,1.86,0.03,Yes,0.095694,0,0.23,0
684,MM,254,7,1.86,2.18,0,0,0,0,0.16384,2.18,1.86,0.32,Yes,0,0,0.32,0
685,MM,256,7,1.86,2.18,0,0,0,0,0.131072,2.18,1.86,0.32,Yes,0,0,0.32,0
686,MM,259,7,1.86,2.18,0,0,0,0,0.104858,2.18,1.86,0.32,Yes,0,0,0.32,0
687,MM,260,7,1.86,2.13,0,0.24,0,0,0.083886,1.89,1.86,0.03,Yes,0.112676,0,0.27,0
688,MM,278,7,2.06,2.13,0,0,0,0,0.067109,2.13,2.06,0.07,Yes,0,0,0.07,0
689,MM,227,3,1.79,1.79,0,0,0,1,0.053687,1.79,1.79,0,No,0,0,0,3
690,MM,228,3,1.79,1.79,0,0,0,0,0.04295,1.79,1.79,0,No,0,0,0,3
691,MM,229,3,1.79,1.79,0,0,0,0,0.03436,1.79,1.79,0,No,0,0,0,3
692,MM,230,3,1.79,1.79,0,0,0,0,0.027488,1.79,1.79,0,No,0,0,0,3
693,MM,231,3,1.79,1.79,0,0,0,0,0.02199,1.79,1.79,0,No,0,0,0,3
694,MM,232,3,1.79,2.09,0,0,0,0,0.017592,2.09,1.79,0.3,No,0,0,0.3,3
695,MM,233,3,1.79,2.09,0,0,0,0,0.014074,2.09,1.79,0.3,No,0,0,0.3,3
696,MM,234,3,1.79,2.09,0,0,0,0,0.011259,2.09,1.79,0.3,No,0,0,0.3,3
697,MM,235,3,1.79,2.09,0,0,0,0,0.009007,2.09,1.79,0.3,No,0,0,0.3,3
698,MM,236,3,1.79,2.09,0,0,0,0,0.007206,2.09,1.79,0.3,No,0,0,0.3,3
699,MM,241,3,1.79,2.23,0,0,0,0,0.005765,2.23,1.79,0.44,No,0,0,0.44,3
700,MM,245,3,1.99,2.23,0,0,0,0,0.004612,2.23,1.99,0.24,No,0,0,0.24,3
701,MM,247,3,1.99,2.23,0,0,0,0,0.003689,2.23,1.99,0.24,No,0,0,0.24,3
702,MM,248,3,1.99,2.23,0,0,0,0,0.002951,2.23,1.99,0.24,No,0,0,0.24,3
703,MM,249,3,1.99,2.23,0,0,0,0,0.002361,2.23,1.99,0.24,No,0,0,0.24,3
704,MM,250,3,1.99,2.23,0,0,0,0,0.001889,2.23,1.99,0.24,No,0,0,0.24,3
705,MM,254,3,1.99,2.29,0,0,1,0,0.001511,2.29,1.99,0.3,No,0,0,0.3,3
706,MM,255,3,1.99,2.29,0,0,0,0,0.001209,2.29,1.99,0.3,No,0,0,0.3,3
707,MM,256,3,1.99,2.29,0,0,0,0,0.000967,2.29,1.99,0.3,No,0,0,0.3,3
708,MM,257,3,1.99,2.29,0,0.4,0,1,0.000774,1.89,1.99,-0.1,No,0.174672,0,0.3,3
709,MM,259,3,1.99,2.29,0,0,0,0,0.000619,2.29,1.99,0.3,No,0,0,0.3,3
710,MM,259,3,1.99,2.29,0,0,0,0,0.000495,2.29,1.99,0.3,No,0,0,0.3,3
711,MM,260,3,1.99,2.09,0,0,0,0,0.000396,2.09,1.99,0.1,No,0,0,0.1,3
712,MM,263,3,1.99,2.09,0,0,0,0,0.000317,2.09,1.99,0.1,No,0,0,0.1,3
713,MM,264,3,1.99,2.09,0.1,0,0,0,0.000254,2.09,1.89,0.2,No,0,0.050251,0.1,3
714,MM,265,3,1.99,2.09,0.1,0,0,0,0.000203,2.09,1.89,0.2,No,0,0.050251,0.1,3
715,MM,266,3,1.99,2.09,0.1,0,0,0,0.000162,2.09,1.89,0.2,No,0,0.050251,0.1,3
716,MM,267,3,1.99,2.09,0.1,0,0,0,0.00013,2.09,1.89,0.2,No,0,0.050251,0.1,3
717,MM,267,3,1.99,2.09,0.1,0,0,0,0.000104,2.09,1.89,0.2,No,0,0.050251,0.1,3
718,MM,268,3,1.99,2.09,0.1,0,0,0,8.30E-05,2.09,1.89,0.2,No,0,0.050251,0.1,3
719,MM,269,3,1.99,2.09,0.1,0,0,0,6.60E-05,2.09,1.89,0.2,No,0,0.050251,0.1,3
720,MM,269,3,1.99,2.09,0.1,0,0,0,5.30E-05,2.09,1.89,0.2,No,0,0.050251,0.1,3
721,MM,270,3,1.99,2.09,0.1,0,0,0,4.30E-05,2.09,1.89,0.2,No,0,0.050251,0.1,3
722,MM,271,3,1.99,2.09,0.1,0.4,1,0,3.40E-05,1.69,1.89,-0.2,No,0.191388,0.050251,0.1,3
723,MM,272,3,1.99,2.09,0,0.4,0,0,2.70E-05,1.69,1.99,-0.3,No,0.191388,0,0.1,3
724,MM,273,3,1.99,2.09,0,0.4,0,0,2.20E-05,1.69,1.99,-0.3,No,0.191388,0,0.1,3
725,MM,274,3,1.99,2.09,0,0.4,0,0,1.70E-05,1.69,1.99,-0.3,No,0.191388,0,0.1,3
726,MM,275,3,2.09,2.09,0,0.4,0,0,1.40E-05,1.69,2.09,-0.4,No,0.191388,0,0,3
727,MM,276,3,2.09,2.09,0.2,0.4,0,0,1.10E-05,1.69,1.89,-0.2,No,0.191388,0.095694,0,3
728,CH,269,7,1.86,2.13,0.27,0,1,0,0.5,2.13,1.59,0.54,Yes,0,0.145161,0.27,0
729,CH,270,7,1.86,2.13,0.27,0,1,0,0.6,2.13,1.59,0.54,Yes,0,0.145161,0.27,0
730,CH,275,1,1.96,2.13,0,0.74,0,1,0.68,1.39,1.96,-0.57,No,0.347418,0,0.17,1
731,MM,274,4,1.99,2.09,0,0.4,0,0,0.5,1.69,1.99,-0.3,No,0.191388,0,0.1,4
732,MM,275,4,2.09,2.09,0,0.4,0,0,0.4,1.69,2.09,-0.4,No,0.191388,0,0,4
733,MM,276,4,2.09,2.09,0.2,0.4,0,0,0.32,1.69,1.89,-0.2,No,0.191388,0.095694,0,4
734,MM,230,1,1.69,1.69,0,0.2,0,0,0.3072,1.49,1.69,-0.2,No,0.118343,0,0,1
735,MM,242,1,1.86,1.99,0,0.3,0,1,0.24576,1.69,1.86,-0.17,No,0.150754,0,0.13,1
736,CH,250,7,1.86,2.09,0,0,0,0,0.196608,2.09,1.86,0.23,Yes,0,0,0.23,0
737,MM,229,3,1.79,1.79,0,0,0,0,0.48,1.79,1.79,0,No,0,0,0,3
738,MM,246,3,1.99,2.23,0,0,0,0,0.384,2.23,1.99,0.24,No,0,0,0.24,3
739,MM,252,3,1.99,2.23,0,0,0,0,0.3072,2.23,1.99,0.24,No,0,0,0.24,3
740,CH,253,3,1.99,2.23,0,0,0,0,0.24576,2.23,1.99,0.24,No,0,0,0.24,3
741,CH,256,3,1.99,2.29,0,0,0,0,0.396608,2.29,1.99,0.3,No,0,0,0.3,3
742,CH,259,3,1.99,2.29,0,0,0,0,0.517286,2.29,1.99,0.3,No,0,0,0.3,3
743,CH,259,3,1.99,2.29,0,0,0,0,0.613829,2.29,1.99,0.3,No,0,0,0.3,3
744,CH,271,3,1.99,2.09,0.1,0.4,1,0,0.691063,1.69,1.89,-0.2,No,0.191388,0.050251,0.1,3
745,MM,275,3,2.09,2.09,0,0.4,0,0,0.752851,1.69,2.09,-0.4,No,0.191388,0,0,3
746,CH,233,7,1.75,1.99,0,0.4,1,0,0.5,1.59,1.75,-0.16,Yes,0.201005,0,0.24,0
747,MM,262,1,1.76,1.99,0,0.4,0,1,0.6,1.59,1.76,-0.17,No,0.201005,0,0.23,1
748,MM,234,3,1.79,2.09,0,0,0,0,0.256,2.09,1.79,0.3,No,0,0,0.3,3
749,MM,238,7,1.75,1.99,0,0.4,0,0,0.2048,1.59,1.75,-0.16,Yes,0.201005,0,0.24,0
750,CH,228,2,1.69,1.69,0,0,0,0,0.6,1.69,1.69,0,No,0,0,0,2
751,CH,229,7,1.69,1.69,0,0.2,0,1,0.68,1.49,1.69,-0.2,Yes,0.118343,0,0,0
752,CH,232,4,1.79,2.09,0,0,0,0,0.4,2.09,1.79,0.3,No,0,0,0.3,4
753,MM,232,1,1.69,1.99,0,0,1,0,0.52,1.99,1.69,0.3,No,0,0,0.3,1
754,CH,266,1,1.86,1.99,0,0.1,0,0,0.416,1.89,1.86,0.03,No,0.050251,0,0.13,1
755,MM,241,1,1.86,1.99,0,0.3,0,1,0.3648,1.69,1.86,-0.17,No,0.150754,0,0.13,1
756,CH,248,2,1.89,2.09,0,0,0,0,0.29184,2.09,1.89,0.2,No,0,0,0.2,2
757,CH,273,1,1.86,2.18,0,0,0,0,0.433472,2.18,1.86,0.32,No,0,0,0.32,1
758,MM,256,2,1.89,2.18,0.13,0,0,0,0.5,2.18,1.76,0.42,No,0,0.068783,0.29,2
759,MM,259,2,1.86,2.18,0,0.4,0,1,0.4,1.78,1.86,-0.08,No,0.183486,0,0.32,2
760,MM,237,2,1.75,1.99,0,0,0,0,0.5648,1.99,1.75,0.24,No,0,0,0.24,2
761,CH,242,3,1.99,2.23,0,0,0,0,0.45184,2.23,1.99,0.24,No,0,0,0.24,3
762,CH,278,3,2.09,2.09,0.2,0,0,0,0.561472,2.09,1.89,0.2,No,0,0.095694,0,3
763,CH,250,2,1.89,2.09,0,0,0,0,0.6,2.09,1.89,0.2,No,0,0,0.2,2
764,CH,253,2,1.89,2.09,0.13,0,0,0,0.68,2.09,1.76,0.33,No,0,0.068783,0.2,2
765,CH,256,2,1.89,2.18,0.13,0,0,0,0.744,2.18,1.76,0.42,No,0,0.068783,0.29,2
766,CH,260,2,1.86,2.18,0,0.7,0,0,0.7952,1.48,1.86,-0.38,No,0.321101,0,0.32,2
767,CH,261,2,1.86,2.18,0,0,0,0,0.83616,2.18,1.86,0.32,No,0,0,0.32,2
768,CH,263,7,1.86,2.13,0.27,0,0,0,0.868928,2.13,1.59,0.54,Yes,0,0.145161,0.27,0
769,MM,278,7,2.06,2.13,0,0,0,0,0.6,2.13,2.06,0.07,Yes,0,0,0.07,0
770,MM,228,2,1.69,1.69,0,0,0,0,0.5,1.69,1.69,0,No,0,0,0,2
771,MM,229,2,1.69,1.69,0,0,0,0,0.4,1.69,1.69,0,No,0,0,0,2
772,MM,235,2,1.69,1.99,0,0,0,0,0.32,1.99,1.69,0.3,No,0,0,0.3,2
773,MM,244,2,1.86,2.09,0,0,0,0,0.256,2.09,1.86,0.23,No,0,0,0.23,2
774,MM,245,2,1.89,2.09,0,0,0,0,0.2048,2.09,1.89,0.2,No,0,0,0.2,2
775,MM,248,2,1.89,2.09,0,0,0,0,0.16384,2.09,1.89,0.2,No,0,0,0.2,2
776,CH,232,7,1.69,1.99,0,0.4,1,1,0.6,1.59,1.69,-0.1,Yes,0.201005,0,0.3,0
777,MM,267,2,1.86,2.18,0,0.4,0,1,0.68,1.78,1.86,-0.08,No,0.183486,0,0.32,2
778,MM,260,1,1.76,1.99,0,0.2,0,0,0.6,1.79,1.76,0.03,No,0.100503,0,0.23,1
779,CH,276,2,1.99,2.18,0,0,0,1,0.5,2.18,1.99,0.19,No,0,0,0.19,2
780,CH,278,2,1.99,2.18,0,0,0,0,0.6,2.18,1.99,0.19,No,0,0,0.19,2
781,CH,232,1,1.69,1.99,0,0,1,0,0.586313,1.99,1.69,0.3,No,0,0,0.3,1
782,CH,247,1,1.86,2.09,0,0,0,0,0.66905,2.09,1.86,0.23,No,0,0,0.23,1
783,CH,250,1,1.86,2.09,0,0,0,0,0.73524,2.09,1.86,0.23,No,0,0,0.23,1
784,MM,230,3,1.79,1.79,0,0,0,0,0.131072,1.79,1.79,0,No,0,0,0,3
785,MM,232,3,1.79,2.09,0,0,0,0,0.104858,2.09,1.79,0.3,No,0,0,0.3,3
786,MM,233,3,1.79,2.09,0,0,0,0,0.083886,2.09,1.79,0.3,No,0,0,0.3,3
787,MM,234,3,1.79,2.09,0,0,0,0,0.067109,2.09,1.79,0.3,No,0,0,0.3,3
788,CH,273,3,1.99,2.09,0,0.4,0,0,0.053687,1.69,1.99,-0.3,No,0.191388,0,0.1,3
789,CH,274,7,1.86,2.13,0.47,0.54,1,0,0.5,1.59,1.39,0.2,Yes,0.253521,0.252688,0.27,0
790,MM,275,2,1.96,2.18,0,0.8,0,1,0.6,1.38,1.96,-0.58,No,0.366972,0,0.22,2
791,MM,241,3,1.79,2.23,0,0,0,0,0.5,2.23,1.79,0.44,No,0,0,0.44,3
792,CH,259,2,1.86,2.18,0,0.4,0,1,0.4,1.78,1.86,-0.08,No,0.183486,0,0.32,2
793,MM,237,1,1.75,1.99,0,0,0,0,0.104858,1.99,1.75,0.24,No,0,0,0.24,1
794,MM,257,1,1.76,2.18,0,0,0,0,0.083886,2.18,1.76,0.42,No,0,0,0.42,1
795,MM,259,1,1.76,1.99,0,0.2,0,1,0.067109,1.79,1.76,0.03,No,0.100503,0,0.23,1
796,MM,262,1,1.76,1.99,0,0.4,0,1,0.053687,1.59,1.76,-0.17,No,0.201005,0,0.23,1
797,MM,263,1,1.76,1.99,0,0.4,0,1,0.04295,1.59,1.76,-0.17,No,0.201005,0,0.23,1
798,MM,274,1,1.96,2.13,0,0.74,0,1,0.03436,1.39,1.96,-0.57,No,0.347418,0,0.17,1
799,MM,244,7,1.86,2.09,0,0.2,0,0,0.52,1.89,1.86,0.03,Yes,0.095694,0,0.23,0
800,MM,276,7,1.99,2.13,0,0.54,0,1,0.416,1.59,1.99,-0.4,Yes,0.253521,0,0.14,0
801,MM,277,7,1.99,2.13,0.5,0,0,1,0.3328,2.13,1.49,0.64,Yes,0,0.251256,0.14,0
802,CH,237,3,1.79,2.09,0,0,0,0,0.5,2.09,1.79,0.3,No,0,0,0.3,3
803,CH,241,3,1.79,2.23,0,0,0,0,0.6,2.23,1.79,0.44,No,0,0,0.44,3
804,CH,256,7,1.86,2.18,0,0,0,0,0.5,2.18,1.86,0.32,Yes,0,0,0.32,0
805,CH,258,1,1.76,2.18,0,0,0,0,0.6,2.18,1.76,0.42,No,0,0,0.42,1
806,CH,259,7,1.86,2.18,0,0,0,0,0.68,2.18,1.86,0.32,Yes,0,0,0.32,0
807,CH,259,7,1.86,2.18,0,0,0,0,0.744,2.18,1.86,0.32,Yes,0,0,0.32,0
808,CH,262,7,1.86,2.13,0,0,0,0,0.7952,2.13,1.86,0.27,Yes,0,0,0.27,0
809,CH,264,7,1.86,2.13,0.37,0,1,0,0.83616,2.13,1.49,0.64,Yes,0,0.198925,0.27,0
810,CH,265,7,1.86,2.13,0.37,0,1,0,0.868928,2.13,1.49,0.64,Yes,0,0.198925,0.27,0
811,CH,265,7,1.86,2.13,0.37,0,1,0,0.895142,2.13,1.49,0.64,Yes,0,0.198925,0.27,0
812,CH,266,7,1.86,2.13,0.37,0,1,0,0.916114,2.13,1.49,0.64,Yes,0,0.198925,0.27,0
813,CH,267,7,1.86,2.13,0,0,1,0,0.932891,2.13,1.86,0.27,Yes,0,0,0.27,0
814,CH,268,7,1.86,2.13,0,0,0,0,0.946313,2.13,1.86,0.27,Yes,0,0,0.27,0
815,CH,269,7,1.86,2.13,0.27,0,1,0,0.95705,2.13,1.59,0.54,Yes,0,0.145161,0.27,0
816,CH,269,1,1.86,2.18,0,0,0,0,0.96564,2.18,1.86,0.32,No,0,0,0.32,1
817,CH,270,7,1.86,2.13,0.27,0,1,0,0.972512,2.13,1.59,0.54,Yes,0,0.145161,0.27,0
818,CH,271,7,1.86,2.13,0,0,0,0,0.97801,2.13,1.86,0.27,Yes,0,0,0.27,0
819,CH,273,7,1.86,2.13,0,0.54,0,0,0.982408,1.59,1.86,-0.27,Yes,0.253521,0,0.27,0
820,CH,274,7,1.86,2.13,0.47,0.54,1,0,0.985926,1.59,1.39,0.2,Yes,0.253521,0.252688,0.27,0
821,CH,277,7,1.99,2.13,0.5,0,0,1,0.988741,2.13,1.49,0.64,Yes,0,0.251256,0.14,0
822,CH,228,4,1.79,1.79,0,0,0,0,0.740314,1.79,1.79,0,No,0,0,0,4
823,CH,229,4,1.79,1.79,0,0,0,0,0.792251,1.79,1.79,0,No,0,0,0,4
824,CH,231,4,1.79,1.79,0,0,0,0,0.833801,1.79,1.79,0,No,0,0,0,4
825,CH,232,4,1.79,2.09,0,0,0,0,0.867041,2.09,1.79,0.3,No,0,0,0.3,4
826,CH,240,4,1.79,2.23,0,0,0,0,0.893632,2.23,1.79,0.44,No,0,0,0.44,4
827,CH,244,4,1.99,2.23,0,0,0,0,0.914906,2.23,1.99,0.24,No,0,0,0.24,4
828,CH,248,1,1.86,2.09,0,0,0,0,0.931925,2.09,1.86,0.23,No,0,0,0.23,1
829,CH,251,4,1.99,2.23,0,0,0,0,0.94554,2.23,1.99,0.24,No,0,0,0.24,4
830,CH,270,4,1.99,2.09,0.1,0,0,0,0.956432,2.09,1.89,0.2,No,0,0.050251,0.1,4
831,CH,274,4,1.99,2.09,0,0.4,0,0,0.965145,1.69,1.99,-0.3,No,0.191388,0,0.1,4
832,MM,228,2,1.69,1.69,0,0,0,0,0.32,1.69,1.69,0,No,0,0,0,2
833,MM,237,3,1.79,2.09,0,0,0,0,0.256,2.09,1.79,0.3,No,0,0,0.3,3
834,MM,241,3,1.79,2.23,0,0,0,0,0.2048,2.23,1.79,0.44,No,0,0,0.44,3
835,MM,252,3,1.99,2.23,0,0,0,0,0.16384,2.23,1.99,0.24,No,0,0,0.24,3
836,MM,231,4,1.79,1.79,0,0,0,0,0.6,1.79,1.79,0,No,0,0,0,4
837,CH,251,4,1.99,2.23,0,0,0,0,0.48,2.23,1.99,0.24,No,0,0,0.24,4
838,MM,243,1,1.86,1.99,0,0.8,0,1,0.32,1.19,1.86,-0.67,No,0.40201,0,0.13,1
839,MM,262,2,1.86,2.18,0,0.6,0,1,0.256,1.58,1.86,-0.28,No,0.275229,0,0.32,2
840,MM,268,1,1.86,1.99,0,0.2,0,1,0.2048,1.79,1.86,-0.07,No,0.100503,0,0.13,1
841,CH,268,2,1.86,2.18,0,0,0,1,0.16384,2.18,1.86,0.32,No,0,0,0.32,2
842,MM,270,2,1.86,2.18,0,0,0,0,0.331072,2.18,1.86,0.32,No,0,0,0.32,2
843,CH,273,2,1.86,2.18,0,0.06,0,0,0.264858,2.12,1.86,0.26,No,0.027523,0,0.32,2
844,MM,274,7,1.86,2.13,0.47,0.54,1,0,0.411886,1.59,1.39,0.2,Yes,0.253521,0.252688,0.27,0
845,MM,274,2,1.96,2.18,0,0.8,0,1,0.329509,1.38,1.96,-0.58,No,0.366972,0,0.22,2
846,MM,274,2,1.96,2.18,0,0.8,0,1,0.263607,1.38,1.96,-0.58,No,0.366972,0,0.22,2
847,MM,275,2,1.96,2.18,0,0.8,0,1,0.210886,1.38,1.96,-0.58,No,0.366972,0,0.22,2
848,MM,275,2,1.96,2.18,0,0.8,0,1,0.168709,1.38,1.96,-0.58,No,0.366972,0,0.22,2
849,MM,234,7,1.75,1.99,0,0.4,1,0,0.5,1.59,1.75,-0.16,Yes,0.201005,0,0.24,0
850,CH,269,7,1.86,2.13,0.27,0,1,0,0.4,2.13,1.59,0.54,Yes,0,0.145161,0.27,0
851,CH,232,1,1.69,1.99,0,0,1,0,0.7952,1.99,1.69,0.3,No,0,0,0.3,1
852,CH,232,1,1.69,1.99,0,0,1,0,0.83616,1.99,1.69,0.3,No,0,0,0.3,1
853,CH,234,1,1.69,1.99,0,0,0,0,0.868928,1.99,1.69,0.3,No,0,0,0.3,1
854,CH,237,1,1.75,1.99,0,0,0,0,0.895142,1.99,1.75,0.24,No,0,0,0.24,1
855,CH,240,7,1.86,2.09,0,0,0,0,0.916114,2.09,1.86,0.23,Yes,0,0,0.23,0
856,CH,242,1,1.86,1.99,0,0.3,0,1,0.932891,1.69,1.86,-0.17,No,0.150754,0,0.13,1
857,CH,246,1,1.86,2.09,0,0,0,0,0.946313,2.09,1.86,0.23,No,0,0,0.23,1
858,CH,251,7,1.86,2.09,0.1,0,0,0,0.95705,2.09,1.76,0.33,Yes,0,0.053763,0.23,0
859,CH,253,7,1.86,2.09,0.1,0,0,0,0.96564,2.09,1.76,0.33,Yes,0,0.053763,0.23,0
860,CH,259,1,1.76,1.99,0,0.2,0,1,0.972512,1.79,1.76,0.03,No,0.100503,0,0.23,1
861,CH,274,7,1.86,2.13,0.47,0.54,1,0,0.97801,1.59,1.39,0.2,Yes,0.253521,0.252688,0.27,0
862,MM,234,7,1.75,1.99,0,0.4,1,0,0.5,1.59,1.75,-0.16,Yes,0.201005,0,0.24,0
863,CH,256,7,1.86,2.18,0,0,0,0,0.4,2.18,1.86,0.32,Yes,0,0,0.32,0
864,CH,228,7,1.69,1.69,0,0,0,0,0.351365,1.69,1.69,0,Yes,0,0,0,0
865,MM,231,7,1.69,1.99,0,0,0,0,0.481092,1.99,1.69,0.3,Yes,0,0,0.3,0
866,CH,233,7,1.75,1.99,0,0.4,1,0,0.384874,1.59,1.75,-0.16,Yes,0.201005,0,0.24,0
867,CH,236,7,1.75,1.99,0,0.4,0,0,0.507899,1.59,1.75,-0.16,Yes,0.201005,0,0.24,0
868,MM,260,4,1.99,2.09,0,0,0,0,0.606319,2.09,1.99,0.1,No,0,0,0.1,4
869,CH,268,7,1.86,2.13,0,0,0,0,0.485055,2.13,1.86,0.27,Yes,0,0,0.27,0
870,CH,269,7,1.86,2.13,0.27,0,1,0,0.588044,2.13,1.59,0.54,Yes,0,0.145161,0.27,0
871,CH,274,7,1.86,2.13,0.47,0.54,1,0,0.670435,1.59,1.39,0.2,Yes,0.253521,0.252688,0.27,0
872,MM,275,7,1.99,2.13,0,0.54,1,0,0.736348,1.59,1.99,-0.4,Yes,0.253521,0,0.14,0
873,MM,276,7,1.99,2.13,0,0.54,0,1,0.589079,1.59,1.99,-0.4,Yes,0.253521,0,0.14,0
874,CH,248,4,1.99,2.23,0,0,0,0,0.5,2.23,1.99,0.24,No,0,0,0.24,4
875,CH,251,4,1.99,2.23,0,0,0,0,0.6,2.23,1.99,0.24,No,0,0,0.24,4
876,CH,254,4,1.99,2.29,0,0,1,0,0.68,2.29,1.99,0.3,No,0,0,0.3,4
877,CH,256,4,1.99,2.29,0,0,0,0,0.744,2.29,1.99,0.3,No,0,0,0.3,4
878,MM,258,4,1.99,2.29,0,0,0,0,0.7952,2.29,1.99,0.3,No,0,0,0.3,4
879,CH,260,4,1.99,2.09,0,0,0,0,0.63616,2.09,1.99,0.1,No,0,0,0.1,4
880,CH,262,4,1.99,2.09,0,0,0,0,0.708928,2.09,1.99,0.1,No,0,0,0.1,4
881,CH,264,4,1.99,2.09,0.1,0,0,0,0.767142,2.09,1.89,0.2,No,0,0.050251,0.1,4
882,CH,267,4,1.99,2.09,0.1,0,0,0,0.813714,2.09,1.89,0.2,No,0,0.050251,0.1,4
883,CH,277,4,2.09,2.09,0.2,0.4,0,0,0.850971,1.69,1.89,-0.2,No,0.191388,0.095694,0,4
884,MM,236,7,1.75,1.99,0,0.4,0,0,0.4,1.59,1.75,-0.16,Yes,0.201005,0,0.24,0
885,CH,233,7,1.75,1.99,0,0.4,1,0,0.6,1.59,1.75,-0.16,Yes,0.201005,0,0.24,0
886,MM,262,1,1.76,1.99,0,0.4,0,1,0.68,1.59,1.76,-0.17,No,0.201005,0,0.23,1
887,CH,265,7,1.86,2.13,0.37,0,1,0,0.544,2.13,1.49,0.64,Yes,0,0.198925,0.27,0
888,CH,269,7,1.86,2.13,0.27,0,1,0,0.6352,2.13,1.59,0.54,Yes,0,0.145161,0.27,0
889,CH,273,1,1.86,2.18,0,0,0,0,0.70816,2.18,1.86,0.32,No,0,0,0.32,1
890,CH,274,7,1.86,2.13,0.47,0.54,1,0,0.766528,1.59,1.39,0.2,Yes,0.253521,0.252688,0.27,0
891,CH,252,7,1.86,2.09,0.1,0,0,0,0.5,2.09,1.76,0.33,Yes,0,0.053763,0.23,0
892,CH,253,7,1.86,2.09,0.1,0,0,0,0.6,2.09,1.76,0.33,Yes,0,0.053763,0.23,0
893,CH,254,7,1.86,2.18,0,0,0,0,0.68,2.18,1.86,0.32,Yes,0,0,0.32,0
894,CH,256,7,1.86,2.18,0,0,0,0,0.744,2.18,1.86,0.32,Yes,0,0,0.32,0
895,CH,257,7,1.86,2.18,0,0,0,0,0.7952,2.18,1.86,0.32,Yes,0,0,0.32,0
896,CH,258,7,1.86,2.18,0,0,0,0,0.83616,2.18,1.86,0.32,Yes,0,0,0.32,0
897,CH,259,7,1.86,2.18,0,0,0,0,0.868928,2.18,1.86,0.32,Yes,0,0,0.32,0
898,CH,260,7,1.86,2.13,0,0.24,0,0,0.895142,1.89,1.86,0.03,Yes,0.112676,0,0.27,0
899,CH,262,7,1.86,2.13,0,0,0,0,0.916114,2.13,1.86,0.27,Yes,0,0,0.27,0
900,CH,265,7,1.86,2.13,0.37,0,1,0,0.932891,2.13,1.49,0.64,Yes,0,0.198925,0.27,0
901,CH,266,7,1.86,2.13,0.37,0,1,0,0.946313,2.13,1.49,0.64,Yes,0,0.198925,0.27,0
902,CH,269,7,1.86,2.13,0.27,0,1,0,0.95705,2.13,1.59,0.54,Yes,0,0.145161,0.27,0
903,CH,274,7,1.86,2.13,0.47,0.54,1,0,0.96564,1.59,1.39,0.2,Yes,0.253521,0.252688,0.27,0
904,MM,275,7,1.99,2.13,0,0.54,1,0,0.972512,1.59,1.99,-0.4,Yes,0.253521,0,0.14,0
905,CH,277,7,1.99,2.13,0.5,0,0,1,0.77801,2.13,1.49,0.64,Yes,0,0.251256,0.14,0
906,MM,231,7,1.69,1.99,0,0,0,0,0.256,1.99,1.69,0.3,Yes,0,0,0.3,0
907,MM,233,7,1.75,1.99,0,0.4,1,0,0.2048,1.59,1.75,-0.16,Yes,0.201005,0,0.24,0
908,CH,238,1,1.75,1.99,0,0,0,0,0.16384,1.99,1.75,0.24,No,0,0,0.24,1
909,CH,247,1,1.86,2.09,0,0,0,0,0.331072,2.09,1.86,0.23,No,0,0,0.23,1
910,CH,273,1,1.86,2.18,0,0,0,0,0.464858,2.18,1.86,0.32,No,0,0,0.32,1
911,MM,275,1,1.96,2.13,0,0.74,0,1,0.571886,1.39,1.96,-0.57,No,0.347418,0,0.17,1
912,MM,276,2,1.99,2.18,0,0,0,1,0.32,2.18,1.99,0.19,No,0,0,0.19,2
913,CH,236,2,1.75,1.99,0,0,0,0,0.5,1.99,1.75,0.24,No,0,0,0.24,2
914,MM,273,2,1.86,2.18,0,0.06,0,0,0.6,2.12,1.86,0.26,No,0.027523,0,0.32,2
915,MM,247,2,1.89,2.09,0,0,0,0,0.68,2.09,1.89,0.2,No,0,0,0.2,2
916,MM,246,2,1.89,2.09,0,0,0,0,0.5,2.09,1.89,0.2,No,0,0,0.2,2
917,CH,246,2,1.89,2.09,0,0,0,0,0.4,2.09,1.89,0.2,No,0,0,0.2,2
918,MM,266,3,1.99,2.09,0.1,0,0,0,0.52,2.09,1.89,0.2,No,0,0.050251,0.1,3
919,MM,277,1,1.99,2.13,0.24,0,0,0,0.416,2.13,1.75,0.38,No,0,0.120603,0.14,1
920,CH,268,2,1.86,2.18,0,0,0,1,0.4,2.18,1.86,0.32,No,0,0,0.32,2
921,CH,269,7,1.86,2.13,0.27,0,1,0,0.52,2.13,1.59,0.54,Yes,0,0.145161,0.27,0
922,CH,269,2,1.86,2.18,0,0,0,0,0.616,2.18,1.86,0.32,No,0,0,0.32,2
923,MM,272,2,1.86,2.18,0,0.06,0,0,0.6928,2.12,1.86,0.26,No,0.027523,0,0.32,2
924,MM,275,7,1.99,2.13,0,0.54,1,0,0.55424,1.59,1.99,-0.4,Yes,0.253521,0,0.14,0
925,MM,276,7,1.99,2.13,0,0.54,0,1,0.443392,1.59,1.99,-0.4,Yes,0.253521,0,0.14,0
926,MM,231,3,1.79,1.79,0,0,0,0,0.4,1.79,1.79,0,No,0,0,0,3
927,MM,231,3,1.79,1.79,0,0,0,0,0.32,1.79,1.79,0,No,0,0,0,3
928,MM,231,3,1.79,1.79,0,0,0,0,0.256,1.79,1.79,0,No,0,0,0,3
929,MM,234,3,1.79,2.09,0,0,0,0,0.2048,2.09,1.79,0.3,No,0,0,0.3,3
930,MM,236,3,1.79,2.09,0,0,0,0,0.16384,2.09,1.79,0.3,No,0,0,0.3,3
931,CH,242,3,1.99,2.23,0,0,0,0,0.131072,2.23,1.99,0.24,No,0,0,0.24,3
932,CH,227,4,1.79,1.79,0,0,0,1,0.5,1.79,1.79,0,No,0,0,0,4
933,CH,251,4,1.99,2.23,0,0,0,0,0.6,2.23,1.99,0.24,No,0,0,0.24,4
934,CH,272,3,1.99,2.09,0,0.4,0,0,0.6,1.69,1.99,-0.3,No,0.191388,0,0.1,3
935,MM,227,2,1.69,1.69,0,0,0,0,0.211886,1.69,1.69,0,No,0,0,0,2
936,MM,229,2,1.69,1.69,0,0,0,0,0.169509,1.69,1.69,0,No,0,0,0,2
937,MM,231,2,1.69,1.69,0.3,0,1,0,0.135607,1.69,1.39,0.3,No,0,0.177515,0,2
938,MM,233,2,1.69,1.69,0,0,0,0,0.108486,1.69,1.69,0,No,0,0,0,2
939,MM,237,2,1.75,1.99,0,0,0,0,0.086789,1.99,1.75,0.24,No,0,0,0.24,2
940,MM,249,2,1.89,2.09,0,0,0,0,0.069431,2.09,1.89,0.2,No,0,0,0.2,2
941,MM,250,2,1.89,2.09,0,0,0,0,0.055545,2.09,1.89,0.2,No,0,0,0.2,2
942,MM,251,2,1.89,2.09,0.13,0,0,0,0.044436,2.09,1.76,0.33,No,0,0.068783,0.2,2
943,MM,255,2,1.89,2.18,0.13,0,0,0,0.035549,2.18,1.76,0.42,No,0,0.068783,0.29,2
944,MM,256,3,1.99,2.29,0,0,0,0,0.028439,2.29,1.99,0.3,No,0,0,0.3,3
945,MM,256,2,1.89,2.18,0.13,0,0,0,0.022751,2.18,1.76,0.42,No,0,0.068783,0.29,2
946,MM,258,2,1.86,2.18,0,0,0,0,0.018201,2.18,1.86,0.32,No,0,0,0.32,2
947,MM,259,7,1.86,2.18,0,0,0,0,0.014561,2.18,1.86,0.32,Yes,0,0,0.32,0
948,MM,260,3,1.99,2.09,0,0,0,0,0.011649,2.09,1.99,0.1,No,0,0,0.1,3
949,MM,262,2,1.86,2.18,0,0.6,0,1,0.009319,1.58,1.86,-0.28,No,0.275229,0,0.32,2
950,MM,263,2,1.86,2.18,0,0,0,1,0.007455,2.18,1.86,0.32,No,0,0,0.32,2
951,MM,265,2,1.86,2.18,0,0,0,0,0.005964,2.18,1.86,0.32,No,0,0,0.32,2
952,MM,266,2,1.86,2.18,0,0,0,0,0.004771,2.18,1.86,0.32,No,0,0,0.32,2
953,MM,267,2,1.86,2.18,0,0.4,0,1,0.003817,1.78,1.86,-0.08,No,0.183486,0,0.32,2
954,MM,268,3,1.99,2.09,0.1,0,0,0,0.003054,2.09,1.89,0.2,No,0,0.050251,0.1,3
955,CH,269,2,1.86,2.18,0,0,0,0,0.002443,2.18,1.86,0.32,No,0,0,0.32,2
956,CH,270,2,1.86,2.18,0,0,0,0,0.201954,2.18,1.86,0.32,No,0,0,0.32,2
957,MM,271,3,1.99,2.09,0.1,0.4,1,0,0.361563,1.69,1.89,-0.2,No,0.191388,0.050251,0.1,3
958,MM,273,3,1.99,2.09,0,0.4,0,0,0.289251,1.69,1.99,-0.3,No,0.191388,0,0.1,3
959,MM,275,2,1.96,2.18,0,0.8,0,1,0.231401,1.38,1.96,-0.58,No,0.366972,0,0.22,2
960,MM,276,2,1.99,2.18,0,0,0,1,0.18512,2.18,1.99,0.19,No,0,0,0.19,2
961,MM,277,2,1.99,2.18,0,0,0,0,0.148096,2.18,1.99,0.19,No,0,0,0.19,2
962,MM,232,1,1.69,1.99,0,0,1,0,0.48,1.99,1.69,0.3,No,0,0,0.3,1
963,CH,227,1,1.69,1.69,0,0,0,0,0.6,1.69,1.69,0,No,0,0,0,1
964,MM,229,1,1.69,1.69,0,0,0,0,0.68,1.69,1.69,0,No,0,0,0,1
965,MM,230,1,1.69,1.69,0,0.2,0,0,0.544,1.49,1.69,-0.2,No,0.118343,0,0,1
966,CH,233,1,1.69,1.99,0,0,0,0,0.4352,1.99,1.69,0.3,No,0,0,0.3,1
967,MM,236,1,1.75,1.99,0,0,0,0,0.54816,1.99,1.75,0.24,No,0,0,0.24,1
968,MM,237,1,1.75,1.99,0,0,0,0,0.438528,1.99,1.75,0.24,No,0,0,0.24,1
969,MM,238,1,1.75,1.99,0,0,0,0,0.350822,1.99,1.75,0.24,No,0,0,0.24,1
970,MM,239,1,1.75,1.99,0,0.3,0,1,0.280658,1.69,1.75,-0.06,No,0.150754,0,0.24,1
971,MM,240,1,1.75,1.99,0,0.3,0,1,0.224526,1.69,1.75,-0.06,No,0.150754,0,0.24,1
972,MM,241,1,1.86,1.99,0,0.3,0,1,0.179621,1.69,1.86,-0.17,No,0.150754,0,0.13,1
973,CH,242,1,1.86,1.99,0,0.3,0,1,0.143697,1.69,1.86,-0.17,No,0.150754,0,0.13,1
974,MM,243,1,1.86,1.99,0,0.8,0,1,0.314957,1.19,1.86,-0.67,No,0.40201,0,0.13,1
975,MM,244,1,1.86,2.09,0,0,0,0,0.251966,2.09,1.86,0.23,No,0,0,0.23,1
976,MM,246,1,1.86,2.09,0,0,0,0,0.201573,2.09,1.86,0.23,No,0,0,0.23,1
977,MM,275,1,1.96,2.13,0,0.74,0,1,0.161258,1.39,1.96,-0.57,No,0.347418,0,0.17,1
978,MM,276,1,1.99,2.13,0,0,0,1,0.129007,2.13,1.99,0.14,No,0,0,0.14,1
979,MM,277,1,1.99,2.13,0.24,0,0,0,0.103205,2.13,1.75,0.38,No,0,0.120603,0.14,1
980,MM,278,1,1.99,2.13,0.24,0,0,0,0.082564,2.13,1.75,0.38,No,0,0.120603,0.14,1
981,CH,233,7,1.75,1.99,0,0.4,1,0,0.4,1.59,1.75,-0.16,Yes,0.201005,0,0.24,0
982,CH,254,7,1.86,2.18,0,0,0,0,0.52,2.18,1.86,0.32,Yes,0,0,0.32,0
983,MM,262,1,1.76,1.99,0,0.4,0,1,0.616,1.59,1.76,-0.17,No,0.201005,0,0.23,1
984,CH,264,7,1.86,2.13,0.37,0,1,0,0.4928,2.13,1.49,0.64,Yes,0,0.198925,0.27,0
985,CH,265,7,1.86,2.13,0.37,0,1,0,0.59424,2.13,1.49,0.64,Yes,0,0.198925,0.27,0
986,CH,269,7,1.86,2.13,0.27,0,1,0,0.675392,2.13,1.59,0.54,Yes,0,0.145161,0.27,0
987,MM,274,1,1.96,2.13,0,0.74,0,1,0.740314,1.39,1.96,-0.57,No,0.347418,0,0.17,1
988,CH,274,7,1.86,2.13,0.47,0.54,1,0,0.592251,1.59,1.39,0.2,Yes,0.253521,0.252688,0.27,0
989,CH,269,3,1.99,2.09,0.1,0,0,0,0.5,2.09,1.89,0.2,No,0,0.050251,0.1,3
990,MM,271,3,1.99,2.09,0.1,0.4,1,0,0.6,1.69,1.89,-0.2,No,0.191388,0.050251,0.1,3
991,MM,253,7,1.86,2.09,0.1,0,0,0,0.5,2.09,1.76,0.33,Yes,0,0.053763,0.23,0
992,MM,275,2,1.96,2.18,0,0.8,0,1,0.4,1.38,1.96,-0.58,No,0.366972,0,0.22,2
993,MM,229,7,1.69,1.69,0,0.2,0,1,0.5,1.49,1.69,-0.2,Yes,0.118343,0,0,0
994,MM,239,4,1.79,2.23,0,0,0,0,0.4,2.23,1.79,0.44,No,0,0,0.44,4
995,MM,243,4,1.99,2.23,0,0,0,0,0.32,2.23,1.99,0.24,No,0,0,0.24,4
996,MM,258,7,1.86,2.18,0,0,0,0,0.256,2.18,1.86,0.32,Yes,0,0,0.32,0
997,CH,229,7,1.69,1.69,0,0.2,0,1,0.6,1.49,1.69,-0.2,Yes,0.118343,0,0,0
998,MM,231,7,1.69,1.99,0,0,0,0,0.68,1.99,1.69,0.3,Yes,0,0,0.3,0
999,CH,254,7,1.86,2.18,0,0,0,0,0.544,2.18,1.86,0.32,Yes,0,0,0.32,0
1000,MM,275,7,1.99,2.13,0,0.54,1,0,0.6352,1.59,1.99,-0.4,Yes,0.253521,0,0.14,0
1001,MM,228,2,1.69,1.69,0,0,0,0,0.4,1.69,1.69,0,No,0,0,0,2
1002,MM,263,2,1.86,2.18,0,0,0,1,0.32,2.18,1.86,0.32,No,0,0,0.32,2
1003,MM,227,3,1.79,1.79,0,0,0,1,0.16384,1.79,1.79,0,No,0,0,0,3
1004,MM,235,3,1.79,2.09,0,0,0,0,0.131072,2.09,1.79,0.3,No,0,0,0.3,3
1005,MM,238,3,1.79,2.09,0,0,0,0,0.104858,2.09,1.79,0.3,No,0,0,0.3,3
1006,MM,260,3,1.99,2.09,0,0,0,0,0.083886,2.09,1.99,0.1,No,0,0,0.1,3
1007,CH,272,3,1.99,2.09,0,0.4,0,0,0.067109,1.69,1.99,-0.3,No,0.191388,0,0.1,3
1008,MM,272,3,1.99,2.09,0,0.4,0,0,0.253687,1.69,1.99,-0.3,No,0.191388,0,0.1,3
1009,CH,229,7,1.69,1.69,0,0.2,0,1,0.4,1.49,1.69,-0.2,Yes,0.118343,0,0,0
1010,CH,230,7,1.69,1.99,0,0,0,1,0.5648,1.99,1.69,0.3,Yes,0,0,0.3,0
1011,CH,231,7,1.69,1.99,0,0,0,0,0.65184,1.99,1.69,0.3,Yes,0,0,0.3,0
1012,CH,232,7,1.69,1.99,0,0.4,1,1,0.721472,1.59,1.69,-0.1,Yes,0.201005,0,0.3,0
1013,CH,233,7,1.75,1.99,0,0.4,1,0,0.777178,1.59,1.75,-0.16,Yes,0.201005,0,0.24,0
1014,CH,233,7,1.75,1.99,0,0.4,1,0,0.821742,1.59,1.75,-0.16,Yes,0.201005,0,0.24,0
1015,CH,234,1,1.69,1.99,0,0,0,0,0.857394,1.99,1.69,0.3,No,0,0,0.3,1
1016,CH,235,7,1.75,1.99,0,0.4,0,0,0.885915,1.59,1.75,-0.16,Yes,0.201005,0,0.24,0
1017,CH,236,7,1.75,1.99,0,0.4,0,0,0.908732,1.59,1.75,-0.16,Yes,0.201005,0,0.24,0
1018,CH,237,7,1.75,1.99,0,0.4,0,0,0.926986,1.59,1.75,-0.16,Yes,0.201005,0,0.24,0
1019,CH,240,7,1.86,2.09,0,0,0,0,0.941588,2.09,1.86,0.23,Yes,0,0,0.23,0
1020,MM,240,7,1.86,2.09,0,0,0,0,0.953271,2.09,1.86,0.23,Yes,0,0,0.23,0
1021,MM,244,7,1.86,2.09,0,0.2,0,0,0.762617,1.89,1.86,0.03,Yes,0.095694,0,0.23,0
1022,CH,252,2,1.89,2.09,0.13,0,0,0,0.610093,2.09,1.76,0.33,No,0,0.068783,0.2,2
1023,MM,254,4,1.99,2.29,0,0,1,0,0.688075,2.29,1.99,0.3,No,0,0,0.3,4
1024,CH,256,2,1.89,2.18,0.13,0,0,0,0.55046,2.18,1.76,0.42,No,0,0.068783,0.29,2
1025,CH,258,4,1.99,2.29,0,0,0,0,0.640368,2.29,1.99,0.3,No,0,0,0.3,4
1026,CH,260,7,1.86,2.13,0,0.24,0,0,0.712294,1.89,1.86,0.03,Yes,0.112676,0,0.27,0
1027,CH,260,7,1.86,2.13,0,0.24,0,0,0.769835,1.89,1.86,0.03,Yes,0.112676,0,0.27,0
1028,CH,260,1,1.76,1.99,0,0.2,0,0,0.815868,1.79,1.76,0.03,No,0.100503,0,0.23,1
1029,CH,263,7,1.86,2.13,0.27,0,0,0,0.852695,2.13,1.59,0.54,Yes,0,0.145161,0.27,0
1030,CH,265,7,1.86,2.13,0.37,0,1,0,0.882156,2.13,1.49,0.64,Yes,0,0.198925,0.27,0
1031,CH,265,7,1.86,2.13,0.37,0,1,0,0.905725,2.13,1.49,0.64,Yes,0,0.198925,0.27,0
1032,CH,269,4,1.99,2.09,0.1,0,0,0,0.92458,2.09,1.89,0.2,No,0,0.050251,0.1,4
1033,CH,270,7,1.86,2.13,0.27,0,1,0,0.939664,2.13,1.59,0.54,Yes,0,0.145161,0.27,0
1034,CH,272,4,1.99,2.09,0,0.4,0,0,0.951731,1.69,1.99,-0.3,No,0.191388,0,0.1,4
1035,CH,277,7,1.99,2.13,0.5,0,0,1,0.961385,2.13,1.49,0.64,Yes,0,0.251256,0.14,0
1036,MM,228,1,1.69,1.69,0,0,0,0,0.5,1.69,1.69,0,No,0,0,0,1
1037,MM,228,1,1.69,1.69,0,0,0,0,0.4,1.69,1.69,0,No,0,0,0,1
1038,MM,233,1,1.69,1.99,0,0,0,0,0.5,1.99,1.69,0.3,No,0,0,0.3,1
1039,MM,235,1,1.69,1.99,0,0,0,0,0.4,1.99,1.69,0.3,No,0,0,0.3,1
1040,CH,237,7,1.75,1.99,0,0.4,0,0,0.32,1.59,1.75,-0.16,Yes,0.201005,0,0.24,0
1041,CH,238,1,1.75,1.99,0,0,0,0,0.456,1.99,1.75,0.24,No,0,0,0.24,1
1042,CH,238,1,1.75,1.99,0,0,0,0,0.5648,1.99,1.75,0.24,No,0,0,0.24,1
1043,CH,239,1,1.75,1.99,0,0.3,0,1,0.65184,1.69,1.75,-0.06,No,0.150754,0,0.24,1
1044,CH,240,1,1.75,1.99,0,0.3,0,1,0.721472,1.69,1.75,-0.06,No,0.150754,0,0.24,1
1045,CH,241,1,1.86,1.99,0,0.3,0,1,0.777178,1.69,1.86,-0.17,No,0.150754,0,0.13,1
1046,CH,252,1,1.76,2.09,0,0,0,0,0.821742,2.09,1.76,0.33,No,0,0,0.33,1
1047,CH,253,1,1.76,2.09,0,0,0,0,0.857394,2.09,1.76,0.33,No,0,0,0.33,1
1048,CH,255,1,1.76,2.18,0,0,0,0,0.885915,2.18,1.76,0.42,No,0,0,0.42,1
1049,CH,256,1,1.76,2.18,0,0,0,0,0.908732,2.18,1.76,0.42,No,0,0,0.42,1
1050,MM,228,7,1.69,1.69,0,0,0,0,0.744,1.69,1.69,0,Yes,0,0,0,0
1051,CH,230,7,1.69,1.99,0,0,0,1,0.5952,1.99,1.69,0.3,Yes,0,0,0.3,0
1052,CH,231,7,1.69,1.99,0,0,0,0,0.67616,1.99,1.69,0.3,Yes,0,0,0.3,0
1053,CH,237,7,1.75,1.99,0,0.4,0,0,0.740928,1.59,1.75,-0.16,Yes,0.201005,0,0.24,0
1054,CH,238,7,1.75,1.99,0,0.4,0,0,0.792742,1.59,1.75,-0.16,Yes,0.201005,0,0.24,0
1055,CH,243,2,1.86,2.09,0,0,0,1,0.834194,2.09,1.86,0.23,No,0,0,0.23,2
1056,MM,227,1,1.69,1.69,0,0,0,0,0.32,1.69,1.69,0,No,0,0,0,1
1057,CH,228,7,1.69,1.69,0,0,0,0,0.256,1.69,1.69,0,Yes,0,0,0,0
1058,CH,232,1,1.69,1.99,0,0,1,0,0.4048,1.99,1.69,0.3,No,0,0,0.3,1
1059,CH,233,7,1.75,1.99,0,0.4,1,0,0.52384,1.59,1.75,-0.16,Yes,0.201005,0,0.24,0
1060,CH,235,1,1.69,1.99,0,0,0,0,0.619072,1.99,1.69,0.3,No,0,0,0.3,1
1061,MM,236,1,1.75,1.99,0,0,0,0,0.695258,1.99,1.75,0.24,No,0,0,0.24,1
1062,MM,242,1,1.86,1.99,0,0.3,0,1,0.556206,1.69,1.86,-0.17,No,0.150754,0,0.13,1
1063,MM,245,7,1.86,2.09,0,0.2,0,0,0.444965,1.89,1.86,0.03,Yes,0.095694,0,0.23,0
1064,CH,251,1,1.76,2.09,0,0,0,0,0.355972,2.09,1.76,0.33,No,0,0,0.33,1
1065,CH,251,7,1.86,2.09,0.1,0,0,0,0.484778,2.09,1.76,0.33,Yes,0,0.053763,0.23,0
1066,CH,252,7,1.86,2.09,0.1,0,0,0,0.587822,2.09,1.76,0.33,Yes,0,0.053763,0.23,0
1067,CH,256,7,1.86,2.18,0,0,0,0,0.670258,2.18,1.86,0.32,Yes,0,0,0.32,0
1068,MM,257,7,1.86,2.18,0,0,0,0,0.736206,2.18,1.86,0.32,Yes,0,0,0.32,0
1069,CH,261,7,1.86,2.13,0,0.24,0,0,0.588965,1.89,1.86,0.03,Yes,0.112676,0,0.27,0
1070,CH,270,1,1.86,2.18,0,0,0,0,0.671172,2.18,1.86,0.32,No,0,0,0.32,1
