Country Name,1995,1996,1997,1998,1999,2000,2001,2002,2003,2004,2005,2006,2007,2008,2009,2010,2011,2012,2013,2014
Arab World,2.004867785,2.014602428,2.071308732,2.177711645,2.331000345,2.3335961,2.58875078,2.54023836,2.450414915,2.314914077,2.134281009,2.133037666,2.16687238,2.101232726,2.830066845,2.489631457,2.539570311,2.711261979,2.895427378,3.073160994
Caribbean small states,2.801518371,2.856683624,2.997156669,2.9894512,2.767857719,2.826752141,2.679968753,2.888692649,2.740592575,2.845970706,2.629579982,2.650899715,2.79066499,2.822913122,3.408651206,3.264063783,3.08765286,3.314303084,3.318431579,3.260012318
Central Europe and the Baltics,4.678528481,4.753208836,4.604573867,4.499987761,4.679082306,4.539710822,4.666272389,4.900195789,5.100249244,4.913629428,4.970861411,4.841450127,4.80905668,5.054785185,5.394920628,5.284380429,5.096212404,5.041317268,5.029265785,5.017716676
Early-demographic dividend,2.203164007,2.156631825,2.227311469,2.364099533,2.454393636,2.450554821,2.52708105,2.347701787,2.36326343,2.346823705,2.337346649,2.369883662,2.385250838,2.405125681,2.701259981,2.507130871,2.495490968,2.497340218,2.586701422,2.665602603
East Asia & Pacific,4.429089623,4.203151524,4.244351189,4.453983768,4.626919635,4.688849242,4.684790174,4.613537069,4.635098319,4.626696416,4.566215205,4.367145726,4.29739389,4.43484819,4.865241195,4.775817144,4.871726678,4.866869481,4.643220952,4.571447568
East Asia & Pacific (excluding high income),1.615852443,1.640251145,1.678322108,1.764602604,1.75401335,1.689184662,1.626887281,1.736855763,1.808637371,1.815666676,1.79631989,1.875267093,2.076666145,2.256213902,2.574993747,2.53842979,2.669787471,2.811489713,2.881804892,2.975050955
East Asia & Pacific (IDA & IBRD countries),1.615852443,1.640251145,1.678322108,1.764602604,1.75401335,1.689184662,1.626887281,1.736855763,1.808637371,1.815666676,1.79631989,1.875267093,2.076666145,2.256213902,2.574993747,2.53842979,2.669787471,2.811489713,2.881804892,2.975050955
Euro area,6.716641592,6.819911767,6.775234334,6.713451942,6.707802202,6.725721019,6.824762086,6.970490716,7.100569779,7.08237852,7.243410635,7.275136727,7.183725909,7.419702701,8.060334166,7.985294914,7.851059524,7.904805463,7.961558065,8.001479856
Europe & Central Asia,6.258717593,6.339840985,6.249748329,6.19495497,6.269452692,6.207590774,6.357420652,6.543767225,6.68023106,6.643569576,6.70922848,6.691295997,6.590409565,6.775062286,7.489585233,7.256678468,7.09676356,7.10705862,7.143518692,7.184029645
Europe & Central Asia (excluding high income),3.401579475,3.407895899,4.035214654,3.412752376,3.222938325,3.167155481,3.357613026,3.60566463,3.621672658,3.472982334,3.506735617,3.566116863,3.635780114,3.735160497,4.21818788,3.878112626,3.652835087,3.780159969,3.736001803,3.714756912
Europe & Central Asia (IDA & IBRD countries),3.537976062,3.612690525,4.047882124,3.552856873,3.480764641,3.385148495,3.605372687,3.816964108,3.794325476,3.642164316,3.681588419,3.721762687,3.798181616,3.951117848,4.401010223,4.068056417,3.818966004,3.901665904,3.8579794,3.846191068
European Union,6.506458015,6.584349032,6.447821826,6.395838336,6.453924272,6.439900116,6.570972316,6.747120362,6.899522023,6.910963847,7.051118847,7.087790266,7.002368178,7.256592777,7.936430029,7.820468929,7.744258462,7.79306822,7.836953657,7.818446175
Heavily indebted poor countries (HIPC),1.630562619,1.716749234,1.65244635,1.771870257,1.834357688,1.79637023,2.015090682,2.068192564,2.166901816,2.216858939,2.345166979,2.448883492,2.302461909,2.429057526,2.539924114,2.712862763,2.661827679,2.58866833,2.580611781,2.532968767
High income,5.852818659,5.861951134,5.81180873,5.837542174,5.859037054,5.853669229,6.131478777,6.354331656,6.509857349,6.545027624,6.604202186,6.657364768,6.685402534,6.945781465,7.638854311,7.562423022,7.546564171,7.556054525,7.573148687,7.658650567
Late-demographic dividend,2.749846218,2.750524463,2.94232719,2.795476042,2.721888766,2.549559637,2.589519016,2.719474646,2.735925695,2.744432242,2.775096107,2.818204592,2.932192624,3.090526918,3.408418886,3.27272891,3.265710729,3.349820181,3.376662873,3.426925252
Latin America & Caribbean,2.984770895,2.901770401,2.990421248,3.029994934,3.235733893,3.060692666,3.144669013,2.998687771,3.012572927,3.077505076,3.161939378,3.160841176,3.255992195,3.335194417,3.811994981,3.638688734,3.592871857,3.509236607,3.619142786,3.73231283
Latin America & Caribbean (excluding high income),2.996164912,2.906639809,3.008480229,3.040838015,3.247512819,3.059905096,3.146714937,2.987106874,3.037261298,3.070576321,3.166319862,3.167769379,3.275389189,3.337349586,3.804703623,3.638582097,3.591022045,3.496118138,3.606970928,3.707311084
Latin America & the Caribbean (IDA & IBRD countries),2.956811011,2.877788112,2.968040205,3.004957842,3.20538333,3.027071197,3.107585736,2.949442821,2.962835975,3.036156959,3.075373169,3.095616092,3.153372508,3.238999784,3.700609301,3.563297454,3.516540068,3.452393518,3.551660225,3.731808003
Least developed countries: UN classification,1.52548196,1.429737092,1.430388652,1.471607242,1.522391719,1.465800489,1.689041896,1.690471391,1.800899345,1.880999571,1.898899247,2.157903627,1.913854693,2.140700178,2.172629716,2.198171697,2.177006608,1.96354228,2.031209935,1.919877296
Low & middle income,2.401016022,2.351839879,2.507134082,2.465439942,2.427530862,2.34705236,2.376884847,2.345132586,2.384587803,2.407614177,2.458114132,2.506991643,2.605219739,2.734475624,3.005713015,2.869481703,2.894131937,2.956696704,3.013086221,3.038318286
Low income,1.530125029,1.483895647,1.521128519,1.657153759,1.738222289,1.759789648,2.034208573,2.063321574,2.217968593,2.32876762,2.458480802,2.691171989,2.317963439,2.365497375,2.421492262,2.642192573,2.659363723,2.511732098,2.394346629,2.43910583
Lower middle income,1.382172017,1.344572554,1.355006184,1.431021222,1.388854277,1.384144461,1.428883153,1.380571025,1.384180988,1.400072101,1.428082042,1.478788431,1.521790939,1.559230946,1.588440741,1.513129967,1.519120119,1.581264954,1.639779694,1.635832962
Middle East & North Africa,2.423456889,2.430438328,2.520586788,2.585412087,2.614487018,2.609441929,2.869833259,2.818405786,2.735597223,2.572309842,2.411219853,2.45275055,2.439045576,2.352177305,3.016616398,2.714642506,2.711284804,2.895571978,3.06782614,3.224936356
Middle East & North Africa (excluding high income),1.986615421,2.000319073,2.116533205,2.180356186,2.073848436,2.15353996,2.406185927,2.452578692,2.404325255,2.413375024,2.277110381,2.33316934,2.38604766,2.484023619,2.883655535,2.674039179,2.666316001,2.946036225,3.113361581,3.195117055
Middle East & North Africa (IDA & IBRD countries),1.986615421,2.000319073,2.116533205,2.180356186,2.073848436,2.15353996,2.406185927,2.452578692,2.404325255,2.413375024,2.277110381,2.33316934,2.38604766,2.484023619,2.883655535,2.674039179,2.666316001,2.946036225,3.113361581,3.195117055
Middle income,2.412678871,2.36362262,2.520242448,2.477042313,2.43762049,2.356948176,2.382038559,2.349752613,2.387242359,2.408815322,2.458108718,2.504454687,2.60902103,2.73939142,3.014234419,2.872383447,2.896995845,2.962450623,3.021264756,3.046736921
North America,5.938994896,5.907198654,5.845014468,5.71256593,5.645996433,5.683423459,6.092951705,6.429777137,6.624290735,6.699777867,6.722686909,6.874371534,7.005070493,7.338893628,8.005831943,8.060768597,8.033060722,8.002663479,7.998392667,8.197720774
OECD members,5.837047317,5.841498345,5.787359206,5.793233257,5.816090555,5.809017258,6.084877793,6.308109241,6.476244914,6.522930721,6.584750763,6.646100419,6.68397179,6.97570711,7.653295827,7.58452343,7.588942977,7.608825853,7.617928345,7.692358488
Other small states,3.116200718,3.224322602,3.216266769,3.450544585,3.380267205,3.080331494,3.159763089,3.374504999,3.668536324,3.488791995,3.28108097,3.027816988,2.968221955,2.75019805,3.271047004,2.934337826,2.74322401,2.926310097,2.99114702,2.916463762
Pacific island small states,4.089271454,3.644414077,3.8171409,3.801815827,3.794036075,4.478110937,4.430498553,4.327511678,4.223171686,4.262646193,4.517164031,4.531308472,4.42810272,4.253259024,4.770018013,4.858082923,4.239523762,4.210439148,4.497317273,4.57632822
Post-demographic dividend,5.923737903,5.937932599,5.892328743,5.914243707,5.932601223,5.939920697,6.217851161,6.445490047,6.611676409,6.657098828,6.744363003,6.812281987,6.853256687,7.145683267,7.822250526,7.781963316,7.795102793,7.812069609,7.833116299,7.914720128
Pre-demographic dividend,1.410676744,1.300913774,1.347156568,1.43327288,1.489741772,1.405822613,1.605338719,1.438588109,1.609784222,2.055879709,1.894072295,1.910214683,1.915208857,2.147427747,2.25671329,1.826936093,1.921276365,2.018579254,2.092089478,1.933374353
Small states,3.083441784,3.155744645,3.18509596,3.337760802,3.231472093,3.053471183,3.067515292,3.273958031,3.46788155,3.372045091,3.17828889,2.985242591,2.963611867,2.787731202,3.320674555,3.01892481,2.816008951,3.001125561,3.061103031,2.993088806
South Asia,1.03503164,0.99799026,1.037498811,1.070832413,1.081228019,1.067052311,1.042238308,1.032538376,0.973376678,1.018914387,1.103442311,1.103521575,1.09051214,1.151605829,1.205501388,1.181098088,1.181152879,1.19027209,1.28224814,1.367899172
South Asia (IDA & IBRD),1.03503164,0.99799026,1.037498811,1.070832413,1.081228019,1.067052311,1.042238308,1.032538376,0.973376678,1.018914387,1.103442311,1.103521575,1.09051214,1.151605829,1.205501388,1.181098088,1.181152879,1.19027209,1.28224814,1.367899172
Sub-Saharan Africa,2.449863298,2.516644595,2.494454088,2.437191306,2.374140004,2.271764359,2.36589666,2.179881571,2.392890886,2.48694164,2.485235818,2.510834419,2.462420569,2.512476631,2.71107721,2.48903738,2.624569905,2.543530054,2.4598089,2.314823041
Sub-Saharan Africa (excluding high income),2.447084114,2.513732415,2.490668403,2.433949374,2.370627245,2.269187752,2.363319605,2.177062415,2.390204828,2.484998793,2.483686953,2.509609703,2.461743681,2.512576224,2.71133,2.488515356,2.624163703,2.542635913,2.459070655,2.314178361
Sub-Saharan Africa (IDA & IBRD countries),2.449863298,2.516644595,2.494454088,2.437191306,2.374140004,2.271764359,2.36589666,2.179881571,2.392890886,2.48694164,2.485235818,2.510834419,2.462420569,2.512476631,2.71107721,2.48903738,2.624569905,2.543530054,2.4598089,2.314823041
Upper middle income,2.719154058,2.669179409,2.858816999,2.755691745,2.758388096,2.64226068,2.6614439,2.653640275,2.707245268,2.71322832,2.754573558,2.798324718,2.916842398,3.039129579,3.401348935,3.258324431,3.26052306,3.324736401,3.375957818,3.424686871
World,5.286303621,5.246769791,5.19680285,5.227929882,5.274912299,5.221119254,5.444044382,5.633904668,5.765420482,5.755465472,5.733553113,5.701873011,5.65229917,5.78265714,6.32094847,6.075446193,5.982564844,5.940788187,5.921679595,5.994028234
Albania,1.713004455,1.746197546,2.024509405,2.095127757,2.510171417,2.258417958,2.292224019,2.256325893,2.252104151,2.67940487,2.706455443,2.575136092,2.6291711,2.69389845,2.833575743,2.47656803,2.84917086,2.7357041,2.835984236,2.936373275
Algeria,2.673594356,2.50218252,2.553365736,2.527980384,2.383331292,2.55856124,2.97171746,2.85227361,2.802237023,2.566248072,2.280233074,2.334850671,2.705570791,3.062803893,3.83796598,3.593208526,3.775729308,4.52025089,5.188359049,5.24414553
Andorra,3.982683296,4.235647223,4.297070495,5.737580229,3.933465639,3.976548227,3.979763508,4.109589041,3.946179815,3.91626014,3.459708849,3.566122373,4.586322912,4.825070819,5.037537144,6.242026697,4.926289306,5.747039877,9.692356794,6.341446004
Angola,4.659118212,1.739781774,2.019219441,1.414705389,2.131797787,1.677216464,2.812403394,1.685217542,2.044369358,2.407840515,2.02464638,3.022435345,2.213764019,2.716334452,2.663917207,2.061254664,2.155094274,2.137316503,3.080408392,2.124912195
Antigua and Barbuda,2.746344563,2.505800464,2.597402599,2.672064777,2.744200045,2.78780548,2.949759953,2.950231444,2.950013005,2.67979353,2.950098595,2.950105874,2.949999996,3.343031386,3.343899596,3.893547142,3.891039559,3.652332634,3.592597393,3.784610676
Argentina,4.966443086,4.631641218,4.553044297,4.624211714,5.152315686,4.965803582,5.065933992,4.452940049,4.251023183,3.522396758,3.664233848,3.654868936,3.783074841,4.121097352,5.040785799,4.163482345,3.745392503,2.958950874,2.735022008,2.652673798
Armenia,1.996272562,1.621148073,1.407496163,1.644913074,1.612414885,1.137531999,1.591474622,1.361332463,1.516570269,1.404450704,1.905053401,2.052882053,2.099284998,1.764770313,2.010005376,1.922714063,1.938903536,1.875681541,1.946690997,1.925675667
Australia,4.775232585,4.856308024,5.016476282,5.084647809,5.326927409,5.399511666,5.42099866,5.620660145,5.50612734,5.724898889,5.661448484,5.660886591,5.765876395,5.927631008,6.186556011,6.127334253,6.315378278,6.285633269,6.274917139,6.316592658
Austria,7.137100143,7.096256981,7.356728588,7.478719544,7.648251788,7.536366526,7.503314227,7.606508348,7.736479762,7.791336459,7.83141883,7.737932786,7.775802592,7.995856889,8.466129609,8.400006947,8.213674723,8.417189562,8.370613437,8.72502572
Azerbaijan,1.391752578,1.485547019,1.228625713,0.903807033,0.985430464,0.866892751,0.84650113,0.791817883,0.82967797,1.028670036,0.880905375,0.86418436,0.980253879,0.824675486,1.33896972,1.168020723,1.080987674,1.210596594,1.150183905,1.230967479
"Bahamas, The",2.729658793,2.773621504,2.357290763,2.539504821,2.467818788,2.502547587,2.466895954,2.510665428,2.647886116,2.880435634,2.642189647,3.2726021,3.18150171,3.354877435,3.526524149,3.460815504,3.575056242,3.298249273,3.07695572,3.550672696
Bahrain,2.818546496,2.751513204,3.047721744,2.881320773,2.838727708,2.36241776,2.532878513,2.584323203,2.501123649,2.267809586,2.156522233,2.125250656,2.184567246,2.313058037,2.748444379,2.593379391,2.383532755,2.762662242,3.015994395,3.150500297
Bangladesh,1.199805247,1.031284124,0.968124768,0.935335098,0.935160149,0.946712407,1.024926461,1.067809827,0.975548071,1.042067184,0.966800142,1.038830186,0.987683698,0.953752469,0.991099631,1.05017299,1.041090103,0.984483722,0.810323956,0.786532509
Barbados,3.541707878,3.461739847,3.329952803,3.189417786,3.277842886,3.392050008,3.696644017,3.962990388,3.843278107,3.718071476,3.463278997,3.415845805,3.758300912,4.056312343,4.144961775,4.009928747,4.155989917,4.841513416,4.899894263,4.744632219
Belarus,4.793950729,4.696646664,5.427282394,4.588919064,4.715802069,4.626454599,4.739935352,4.560548727,4.865755487,4.922950998,5.022738287,4.450400123,4.451424325,3.871576451,3.895442402,4.314805544,3.472557647,3.8657579,4.022291167,3.741755251
Belgium,5.845320714,6.184037715,5.853458123,5.899438234,6.023602106,6.058374214,6.252814629,6.24450897,6.918096551,7.127857093,7.112748229,6.962370454,6.952936769,7.396754446,8.043822364,7.896702726,8.006737375,8.186298971,8.226719108,8.249989469
Belize,2.632365197,2.048040973,2.263610979,2.155696602,2.035489918,2.091697325,2.589422551,2.456541789,2.589394307,2.507171752,2.647951095,2.669250969,3.022312925,3.290674586,3.862427163,3.858381866,3.725604295,3.577743436,3.777130746,3.879657845
Benin,2.111729724,2.031550924,1.814422789,1.939795897,2.109912315,1.917526784,2.308263635,1.888670405,2.211266526,2.175232784,2.352479891,2.385750932,2.307085606,2.137696725,2.328624079,2.688570362,2.929009758,2.15409384,2.215456479,2.251196286
Bhutan,2.655671226,4.92248937,5.589715842,5.420760961,5.060485995,5.325051654,4.849893798,6.60698513,3.749019455,3.193554605,4.166375755,4.29057998,5.118893938,5.562408666,4.891295472,4.544794957,4.142893462,2.700860931,2.804824773,2.615039654
Bolivia,2.112215194,2.978225519,2.66726091,3.122442061,3.602860899,3.245343618,3.744167609,4.101807461,3.496278922,3.492276415,3.860740789,3.521340785,3.408827783,3.406843244,3.948226271,3.662996725,3.752141694,3.772366172,4.238349186,4.565377537
Bosnia and Herzegovina,3.350453159,4.802890013,3.499925576,3.329547245,4.730752629,4.032095716,4.312505733,4.422546498,5.478547872,5.173272164,4.865928659,4.979969839,5.334221943,5.812860562,6.803551255,6.788921332,6.923006484,7.080212274,6.629772276,6.813077082
Botswana,2.126873521,2.123124439,2.429731822,2.179257676,2.163569841,2.899852421,4.146457238,4.894689856,2.969796404,3.888095917,4.090479196,3.479114149,3.315711881,3.928321929,4.494537231,3.544461785,3.236016942,3.955382211,3.50694528,3.193884455
Brazil,2.800558403,2.700450075,2.874414942,2.796990013,2.952575034,2.832471845,3.040958916,3.182992293,3.080328175,3.323675591,3.43190885,3.492652092,3.455148229,3.61158219,3.841355649,3.786139623,3.654001986,3.66135204,3.827307012,3.831759885
Brunei Darussalam,2.294038745,3.016497992,3.01723691,3.717910886,3.183940482,2.59858883,2.576781266,2.567385408,2.593538693,2.522266585,2.215897148,1.929077942,2.03867096,2.015774515,2.591951691,2.520024437,2.066757971,2.112532457,2.407480899,2.485567877
Bulgaria,3.515523463,3.182541008,3.397999988,3.262490099,3.883886627,3.698274196,4.224389281,4.536791795,4.617962963,4.30515357,4.312971455,3.800812847,3.730705859,3.870316356,3.75184985,4.0342301,3.759655846,3.999818502,4.122861742,4.60763146
Burkina Faso,1.865861958,1.933787219,2.067886968,2.061326682,2.191443603,2.016915355,1.832448876,2.256686535,2.604252993,3.464384444,4.091775992,3.741064955,3.995721739,3.996973964,3.658379326,3.971179767,2.95514785,2.98036859,3.48939536,2.593973739
Burundi,1.34643228,1.494103417,1.130843622,1.247842204,1.238485735,1.404364464,1.634485911,1.55512254,1.345188237,2.544952098,2.937796431,3.528829336,3.7804362,3.355311709,3.093040181,5.499656744,5.401877297,4.930865336,4.396653053,3.973727557
Cabo Verde,4.252399745,3.940193488,3.862837242,3.92627046,3.424656164,3.524933122,3.913535684,3.893120524,3.746871642,3.789352549,3.649990513,3.962680293,3.386336456,3.03734974,3.239265323,3.431766845,3.335760259,3.33864148,3.120439872,3.557226753
Cambodia,1.123903304,2.642772374,2.055718532,1.356775567,1.184934454,1.340149618,1.30376831,1.520439279,2.416164271,2.392324118,1.618218744,1.235288574,1.321770862,1.111331229,1.312468532,1.440774999,1.33985553,1.503340698,1.397584709,1.251042011
Cameroon,0.900268714,0.893368284,0.978965995,0.784629614,0.833734824,0.932629186,1.129199277,1.290383204,1.331728012,1.129638122,1.120079177,1.076092314,1.065776207,1.049287334,1.28313286,1.507602276,1.331447157,1.066747097,1.012469674,0.938633691
Canada,6.3135005,6.112419053,6.033111823,6.228970762,6.107698328,6.098426758,6.364904681,6.514305746,6.694243643,6.719901986,6.723559526,6.788407823,6.893501359,7.063453852,7.914158212,7.88439634,7.676792501,7.651144554,7.575664928,7.411931884
Central African Republic,1.363974592,2.023371914,1.216183896,1.417099358,1.871718297,2.102146836,1.863889207,2.062251945,2.076811913,1.845115241,2.114689939,1.923990235,2.036722449,2.290508965,1.497162132,1.977146433,1.840226144,1.768029867,1.913359234,2.056942983
Chad,2.011375251,1.960913759,1.963588748,1.659397007,1.989841553,2.66748418,2.396482425,2.691863992,2.268320284,2.299355155,1.55797137,1.128978799,1.250251221,0.996604191,1.231522791,1.185137165,1.534874565,1.421939407,1.774692315,1.978950162
Chile,2.483034377,2.667579501,2.722896255,2.999279862,3.188783313,3.332061767,3.484542158,3.529890881,2.687549761,2.63814344,2.536291524,2.517617347,2.655656258,2.942588718,3.468102151,3.294925632,3.332639236,3.476164721,3.632821452,3.851309424
China,1.780381954,1.763716129,1.780656558,1.812075346,1.834942236,1.759843468,1.621284224,1.714672238,1.746529994,1.793429835,1.805920306,1.83853832,2.026592106,2.292123452,2.664482629,2.653820098,2.810652656,2.945813766,3.005601408,3.095174286
Colombia,3.720569816,5.067606606,5.593914054,6.103439101,6.459251592,4.683826864,4.690523841,4.549736058,4.899277437,4.082866764,4.316017077,4.535042305,4.539526519,4.698007256,5.148273784,4.975652938,5.016164698,5.277512194,5.218918366,5.409943154
Comoros,2.879786206,2.713949704,2.584925576,2.185036147,1.964426649,1.522723097,1.094675339,1.669758102,1.815474839,2.010438445,2.274051852,2.507151514,2.80299141,3.094532063,1.72121212,1.454408898,1.656759335,2.646604021,2.003193245,2.217320352
"Congo, Dem. Rep.",0.151469658,0.113020059,0.204867812,0.178185156,0.247696712,0.044703612,0.14417975,0.160080405,0.700026844,0.71835464,0.752462162,0.938991328,1.209434345,2.099872761,2.362979061,1.062595613,1.255268552,1.687173628,1.323441751,1.59835647
"Congo, Rep.",1.875942346,1.721611549,1.911836318,2.218401855,1.752764882,1.222592062,1.334532489,1.287959153,1.300179166,1.369675105,1.434608509,1.494032765,1.545764133,1.238592875,1.14114182,1.386578972,1.977375259,3.149421373,4.05731117,4.211920852
Costa Rica,4.981964417,5.065507246,4.838992757,5.637174061,5.362922535,5.61242476,5.485507511,6.283475992,6.450275287,5.653259257,5.465712059,5.397313924,5.627837325,6.261310673,7.022189965,7.092617051,7.149714006,7.000226946,6.914441165,6.76760152
Cote d'Ivoire,1.645869281,1.854107008,2.003289854,1.888813112,1.799667406,1.788035704,1.290257864,1.40860098,1.338333609,1.471674426,1.269719496,1.358403825,1.428213132,1.528626424,1.696810152,1.676172168,1.635696974,1.885045493,1.796587883,1.678538491
Croatia,5.830669763,6.135021776,4.893760696,5.733091768,6.326324594,6.602275063,5.96435491,4.955064171,5.242817131,5.314158705,5.930617257,5.984641875,6.477622756,6.538722948,7.006867431,7.064964214,6.25541215,6.363207061,6.403028794,6.388287591
Cuba,4.648496225,4.756708361,4.986951137,5.226020532,5.474999383,5.509533717,5.670491082,5.724849955,5.648789044,5.468185582,8.744448247,7.081250078,9.883198101,10.29335824,11.28391889,9.70382827,10.07101019,8.088255377,8.962294541,10.57366249
Cyprus,1.697054395,1.774813392,1.948338097,2.338116275,2.388126932,2.402830234,2.449259438,2.754518448,3.082626861,2.813460787,2.662677211,2.663821238,2.578040013,2.850825606,3.311472393,3.425307365,3.507635082,3.411603709,3.470791397,3.332019222
Czech Republic,6.084042522,5.812945806,5.779225055,5.803851213,5.744610454,5.702534921,5.764902754,6.149834668,6.404474042,6.15449697,6.054044375,5.805408814,5.556626261,5.628784423,6.569654028,6.22493667,6.314732469,6.341764994,6.313087853,6.264976383
Denmark,6.705344047,6.76753736,6.706312228,6.694654162,7.517019335,7.29518541,7.660538886,7.885050087,8.039900364,8.152818891,8.253254964,8.399549167,8.429011643,8.621214821,9.756125393,9.433817543,9.26885262,9.419660272,9.593210322,9.158734109
Djibouti,2.384148412,2.318293685,2.83292067,3.609757201,4.407148156,3.9005063,3.486380266,3.516449396,4.167696582,4.600888287,4.939467764,4.702732187,5.337600592,5.745632858,5.957206032,5.149939099,5.019683712,5.25888563,5.322417486,6.750847587
Dominica,4.159861137,4.217261905,4.370036617,4.155978162,4.149951581,3.308396479,3.23826402,3.290272803,3.173775978,2.974158082,3.019700001,3.094683051,3.077919779,2.96951027,3.652604682,4.047182569,3.974390093,3.669363884,3.812216844,3.767972854
Dominican Republic,1.155220766,1.2382753,1.48835433,1.798910828,2.00188919,2.192495065,1.925895905,2.008738541,1.820877367,1.388619252,1.485949047,1.781605827,1.992508761,2.051277828,2.245560221,2.263964847,2.604386077,2.701812259,2.623467358,2.927375648
Ecuador,1.881524423,2.204202458,1.987481393,1.400740525,1.375141632,0.896003183,1.228463152,1.428875973,1.425714581,1.429314418,1.309875442,1.423655771,1.5062409,1.630354665,2.186591275,2.459407624,2.597380991,2.957292999,3.858385301,4.508156573
"Egypt, Arab Rep.",1.646025042,1.620664666,1.785539455,1.969811265,2.1234134,2.246958395,2.327558282,2.403817061,2.068547965,1.985911495,1.985040988,2.287519277,2.046695736,2.029727197,2.058126846,1.872592845,1.990804136,1.909231327,2.057468101,2.155384501
El Salvador,2.456765433,3.106327227,3.204772995,3.68357541,3.651732934,3.796302763,3.753448667,3.805680221,3.750173665,3.635304196,3.812553094,4.153138804,3.744769646,3.706714781,4.133696927,4.29012069,4.327903341,4.210471154,4.632291908,4.469508324
Equatorial Guinea,3.883858135,2.732998091,2.251245641,3.055954265,1.922256608,2.166271678,1.335525197,1.111721515,1.52759716,1.352454624,0.913982114,1.467452066,1.640828358,1.795079572,4.461108402,3.057171112,2.596654331,3.325881938,2.961789903,2.932710442
Eritrea,2.171974402,1.321100351,1.770926971,1.85142628,1.996568895,1.588511165,1.386781377,1.640469343,1.291688995,1.236014558,1.095939139,1.470450528,1.490338129,1.931429607,1.397960224,1.424863559,1.40782257,1.383976464,1.37826626,1.527464004
Estonia,5.671494836,5.809624371,5.51790868,4.797024971,4.536437438,4.075514834,3.817487064,3.735725858,3.775009168,3.877117683,3.850041558,3.673549212,3.899242751,4.712423412,5.216716763,4.9273468,4.625885477,5.115761648,5.138603368,5.028395902
Ethiopia,1.201089905,1.113331724,1.308283107,1.634136008,1.842742815,2.382655413,2.230818205,2.550281355,2.556368908,2.37364068,2.580334349,2.529405628,2.571477099,2.221322189,2.421519695,3.716736035,3.735155728,3.310595126,2.953637718,2.86756675
Fiji,2.463687222,2.643610757,2.892407143,2.604433613,2.50533762,3.235571156,2.628178355,2.854488193,2.700264758,2.88766334,2.936055816,3.012361986,2.791982601,2.780329042,2.953906158,2.965205936,2.677144195,2.762148643,2.902243871,2.95320811
Finland,5.627186976,5.753535627,5.563132051,5.326593103,5.268778054,5.144464163,5.343613088,5.657160032,5.932232518,6.017266103,6.221865474,6.27918843,6.031731023,6.253821943,6.896822789,6.73883183,6.753551156,7.040839875,7.204016684,7.289814273
France,8.058218715,8.042808693,7.944487319,7.844248058,7.831247748,7.759499573,7.848666574,8.141653894,8.127820878,8.20640927,8.266337172,8.173183403,8.118287794,8.16933746,8.74652319,8.679104958,8.731135954,8.826051795,8.910694046,9.024514376
Gabon,1.257445299,1.28647559,1.192176302,1.731343904,1.213987698,1.154856156,1.285837405,1.207290008,1.467581307,1.36059829,1.114980978,1.235086135,1.266978066,1.076241407,1.548099648,2.44092455,2.103287948,2.210201203,2.931829623,2.350580925
"Gambia, The",1.041104569,0.896204512,0.921290897,1.194823096,1.25261532,1.234866709,1.55374665,1.407356893,2.123974878,2.514850239,2.897599008,3.244630936,3.40312534,3.527012899,3.482328264,3.433086876,3.735121027,3.672212762,4.181628453,5.045612515
Georgia,0.267281215,0.874215804,1.491279099,1.195657068,1.140527412,1.180608888,1.388194366,1.400350039,1.25729464,1.307242467,1.648504578,1.771662102,1.449623425,1.779974412,2.270258573,2.289929133,1.700624384,1.210348913,1.276120238,1.552730538
Germany,7.678673477,8.117369547,8.08569888,8.040406659,8.012330015,7.998752643,8.03376379,8.181587749,8.289385968,7.919819258,8.006701839,7.85851875,7.732519511,7.901738662,8.709862289,8.575730796,8.307622306,8.361114536,8.569493975,8.697237324
Ghana,1.622871382,2.018927102,1.435605533,1.772753783,1.593377538,1.498094341,2.045003688,1.508850229,1.580562376,2.399043819,2.923944957,3.044228156,3.729887891,3.223054494,3.674963362,3.829376748,3.575520486,3.140675827,3.242160133,2.128885085
Greece,4.301359499,4.325647391,4.232331,4.118547753,4.34042636,4.5622111,5.146070341,5.055646368,5.14686853,4.90873744,5.627319096,5.790832345,5.677828365,5.84985855,6.781079862,6.216353748,6.682802397,6.274430226,6.066287526,4.985039193
Grenada,3.006434316,3.016742923,3.157869167,3.151488805,3.707319241,3.446999326,4.513238797,3.524549877,3.055066908,2.700563891,2.918936395,3.208181759,2.897890968,2.691541613,3.073334628,3.100526247,3.040190628,3.045941945,2.782444268,2.827357413
Guatemala,1.568251834,1.474088811,1.652352634,1.687897756,1.822568317,1.906287984,2.165382542,2.126950411,2.250780088,2.18862221,2.151933847,2.389327876,2.26818626,2.319787972,2.516993404,2.375496937,2.15314798,2.14774653,2.321889304,2.334729015
Guinea,1.24440635,0.769224234,0.753971712,0.948582871,1.034078996,1.095939452,1.27041596,1.313300227,1.313311747,0.879682253,0.554865842,0.66542757,0.418226466,0.784624403,1.346498634,2.011768888,1.977158975,2.098946177,2.378242841,2.736244781
Guinea-Bissau,1.59182256,2.107388011,2.249324138,2.207081665,1.458689029,0.515965237,0.483604876,1.29016916,1.296153569,0.855296173,1.083538194,1.068546513,1.363201444,1.157787536,1.916627082,1.849453411,1.046974932,1.591370587,1.625012367,1.145122307
Guyana,4.123691982,4.042182563,4.267222814,4.314013546,3.815805252,4.954943485,4.898010308,4.94658054,4.749728887,4.548307265,4.359658645,3.044944275,4.685796052,5.597246014,5.30091141,4.460583707,4.57147769,4.339437853,2.896153441,3.119698091
Haiti,2.700778316,2.456802296,2.444218128,2.031842786,1.696652901,1.679556587,1.472578763,1.411106475,1.585349102,2.029269522,0.938494956,1.355593535,1.326609423,1.355999841,1.3726482,1.410583252,1.80632117,0.980271294,1.724541255,1.559516418
Honduras,2.86657957,2.460607584,2.37295217,2.92390839,2.902757343,3.592970163,3.616459009,3.906168524,4.733086937,4.207177311,3.905898653,3.48897019,3.63946928,3.725573599,4.554171531,4.215610714,3.916841875,4.453647583,4.457074848,4.41783425
Hungary,6.06578493,5.707631445,5.48077096,5.293047243,5.215692477,4.992262794,4.907747893,5.241660919,5.986829456,5.625904986,5.798315899,5.651159262,5.050828075,4.912567273,4.958614911,5.117494816,5.029887063,4.910106031,4.905828404,4.883081909
Iceland,6.88713759,6.797412968,6.493117315,7.037368982,7.77504317,7.544980416,7.405369028,8.074375999,8.231289339,7.794296374,7.499485021,7.349510338,7.225443543,7.274309782,7.479480519,7.116064072,6.972243353,6.994047937,7.067580829,7.179705939
India,1.051510963,1.006714181,1.072536175,1.104334395,1.130458988,1.112443009,1.077996182,1.025761987,0.984930506,1.022681766,1.1342577,1.110610623,1.099600724,1.162740942,1.220971081,1.161015809,1.175376637,1.183872748,1.286886584,1.407237618
Indonesia,0.708979047,0.726782129,0.676852206,0.708065027,0.772645557,0.72468259,0.963565797,0.884272738,1.015301176,0.934871136,0.803211001,0.912583094,1.126425894,1.005797618,1.019549421,1.03300414,1.028914047,1.147736521,1.153628987,1.075536301
"Iran, Islamic Rep.",1.676071693,1.725678443,1.942216566,2.137651028,1.86003165,1.8631225,2.194736416,2.189274716,2.348239338,2.23931692,2.333458198,2.568090196,2.423964847,2.437820381,2.879141091,2.684682081,2.479033263,2.687600161,2.734040154,2.840802145
Ireland,4.669802976,4.541905478,4.644839862,4.494538697,4.461866317,4.466601084,4.911672749,5.1711671,5.402683783,5.596228886,5.520724188,5.443878625,5.729910174,6.513027123,6.917241581,6.101439901,5.526043462,5.622416984,5.333288818,5.141484076
Israel,4.950145432,5.108144225,5.144840787,4.762189233,4.601782112,4.460361462,4.719172153,4.737818754,4.587586374,4.473436246,4.408425818,4.702560226,4.56088595,4.471592985,4.560773264,4.612276482,4.618524658,4.865016995,4.857808386,4.751695808
Italy,5.020894767,5.084493833,5.286288745,5.300234371,5.384669776,5.704658031,5.973164168,6.07690275,6.07045375,6.414766985,6.644147576,6.743597292,6.487839661,6.836653593,7.248665863,7.256673496,6.969185175,6.993120899,6.967351379,6.992651033
Jamaica,2.224280687,2.859074529,3.354873879,3.383751914,2.711113592,3.220452714,2.449632293,2.787349228,2.304267888,2.723855098,1.985844927,2.310210909,2.534920082,2.893671205,2.893738212,2.99010608,2.795222811,3.273760445,3.380134876,2.808578033
Japan,5.451500805,5.342586047,5.469916116,5.652911799,5.909097683,6.087614007,6.297406179,6.361552576,6.420410051,6.47273952,6.657459569,6.596439242,6.715044868,6.995021791,7.753493212,7.861969364,8.318249839,8.409920777,8.528219096,8.550081685
Jordan,5.328898363,5.441182157,5.116392745,5.300589761,4.991069703,4.635309347,4.786093096,4.810691426,4.451036994,4.692325909,4.761008321,4.48990028,4.994181963,5.431250455,6.695984303,5.921295616,5.905862126,5.509302576,4.873555443,5.193101946
Kazakhstan,2.953489978,2.759064102,3.002615807,3.092985258,2.296107627,2.119310653,1.965795165,1.933120902,2.014321414,2.294666524,2.521541794,2.3057194,1.784132566,2.262578318,2.651119229,2.527218011,2.271552738,2.40821469,2.18920504,2.367903087
Kenya,1.969355371,1.662980154,1.599507906,1.994903268,1.67225462,2.166725101,2.067304171,1.943164442,1.928139084,1.795720898,1.845407496,1.624314663,1.596858528,1.40330995,1.641624369,1.418735549,2.623533409,3.322937448,3.346404182,3.503866058
Kiribati,8.96847138,8.797772304,8.982999914,6.656954317,8.444216993,7.582920482,8.491803281,8.563909775,9.467625904,9.892086335,9.460431655,9.359712228,11.40077075,10.31166521,10.36476503,8.725609753,8.568862275,8.313609464,8.232914284,8.291027024
"Korea, Rep.",1.37837002,1.567106233,1.661384573,1.896960077,2.036078202,2.069427846,2.628787722,2.496197951,2.567924451,2.604738563,2.818462726,3.145604415,3.279317912,3.364369569,3.756141758,3.855133327,3.821345213,3.851691628,3.909878493,3.985248041
Kuwait,3.079381716,2.75312334,2.951254481,3.505109394,2.911842962,1.907458943,2.938514016,2.845116479,2.591638049,2.197676413,1.898435973,1.826202921,1.678892606,1.511862693,3.370933894,2.334489191,2.255683318,2.187222399,2.165625428,2.614422533
Kyrgyz Republic,3.058696614,2.518306598,2.561680082,2.537056988,2.251547927,2.070901801,1.96892384,2.149216502,2.056844,2.275178259,2.38059842,3.276997235,3.530000425,3.128324607,3.785352567,3.71014072,3.701089568,4.197243855,3.879936787,3.639437553
Lao PDR,2.179347721,1.827522348,2.07175976,1.851730478,1.111702922,1.13056391,1.177790717,1.082870626,1.2709968,0.801898709,0.734607086,1.147021189,1.029730057,1.001469523,1.858303107,1.278180688,0.835809612,0.79224628,0.964872836,0.942733752
Latvia,3.820164845,3.525870433,3.459615656,3.626261779,3.728657225,3.265446676,3.157707946,3.279067974,3.249522856,3.684698103,3.637151355,4.357857145,4.255979,4.124515045,4.070041625,3.940258147,3.873401416,3.576955393,3.539843039,3.715231982
Lebanon,4.242476487,4.991736717,5.061636262,3.144910175,2.943009427,3.20634861,3.733963909,3.735593505,3.496375815,3.711970773,3.744332947,3.631882475,3.715535541,3.144813413,3.123417148,2.708551485,2.744396996,3.235855284,3.054229695,3.043924599
Lesotho,3.562259305,3.780533582,3.117609003,3.272044207,3.239233383,3.474021049,4.372510108,3.831319315,4.034880661,3.938291734,3.309584005,4.175710594,5.597512217,6.059683765,7.000413737,8.079925072,9.087435867,8.447350944,8.408564819,8.082167603
Libya,1.514527997,1.662741707,1.790198192,1.884513389,1.650377783,1.659830859,2.210293692,3.056726273,2.692002637,2.276618671,1.749117427,1.640166807,1.748097339,1.382407555,2.178180015,2.136789648,3.019999999,3.019999999,3.019999999,3.654079159
Lithuania,3.985217925,3.931004202,4.161431967,4.616115978,4.64619213,4.501929246,4.547918862,4.792172072,4.929875383,3.83247282,3.953664458,4.306715847,4.542177272,4.784195764,5.485546619,5.020955675,4.739136876,4.349539439,4.312630815,4.446889612
Luxembourg,5.145716534,5.245560163,5.173766337,5.237903806,5.232189737,6.361267183,6.236389009,7.070858488,6.457623507,6.958297658,6.747706438,6.597379851,5.82007398,6.492969779,7.025644269,6.594701877,6.26066183,5.988070914,5.939237323,5.822836062
"Macedonia, FYR",4.996397418,5.135953651,5.554996294,6.489321372,5.341639155,4.787766545,4.631112465,5.191571141,5.226034904,5.039289244,4.781614784,4.87674973,4.445867739,4.7474917,4.456857729,4.292903636,4.272932737,4.42539678,4.204269092,4.101420638
Madagascar,1.441526203,1.914972112,2.14802212,1.96133518,2.039913637,2.573304228,2.808515662,2.743213836,2.260174188,2.43699522,2.621449986,2.817711615,2.739821839,2.41891842,2.408212919,2.606558609,2.435872279,1.816105297,2.560444941,1.473414605
Malawi,1.865213739,1.26338764,1.600434006,1.88109678,2.274782235,2.778556549,2.215081497,2.912550035,4.578496658,5.71696331,6.066366509,6.194908259,4.41611059,6.096624721,6.185752937,6.339254893,6.933702546,6.765934565,5.793450792,5.998620835
Malaysia,1.673580101,1.693100127,1.503468834,1.623489373,1.682393231,1.693532547,1.990382325,1.95887394,2.362041422,2.118040539,1.69082761,2.011816692,1.961867672,1.936706363,2.336639744,2.286296586,2.135913733,2.21523329,2.203147154,2.300290016
Maldives,3.662613659,3.603093758,3.54408858,4.648466888,4.74957875,5.119448212,3.700268006,3.567182597,3.778200959,3.876877669,7.126649771,5.237830448,4.553267366,7.025877902,6.729711552,5.273435237,5.608781865,6.50292714,8.263833455,10.75705209
Mali,2.627422294,2.993787617,2.478276148,2.136752933,1.819396693,2.069921322,2.872448632,2.538877445,2.757198984,3.091886553,3.038529491,3.164633564,3.366576961,3.135697314,3.148995784,2.807459661,3.015246311,2.250262582,1.134273081,1.568172106
Malta,3.819517745,4.105345357,4.384384401,4.443696789,4.393656255,4.742394807,4.834267749,5.429400948,5.542024248,5.653685894,5.997448889,6.046312698,5.482240553,5.156232157,5.250028762,5.219545076,6.462012081,6.625234566,6.554282826,6.74343039
Marshall Islands,28.04978525,16.67889286,17.16813342,15.64522955,15.42742281,19.24043333,16.07197043,14.8351456,14.21128802,15.09092986,14.67971014,17.05555555,17.592,16.48169934,16.02894737,14.39817073,14.2716763,13.90652174,14.5518979,14.44916839
Mauritania,2.230334388,1.328808393,1.49219146,2.084762022,2.901813013,2.770993523,1.879560462,2.862060366,2.179218351,2.464112525,2.033356056,1.447616432,1.651791352,1.354564733,1.79980274,1.52105378,1.279141378,1.370247011,1.726038803,1.871016263
Mauritius,1.979154687,1.904916232,1.91146883,1.954499964,1.882777728,1.96954971,2.004170598,2.180551666,2.188349093,2.349088838,2.214836795,2.047507497,1.872909835,1.782954216,2.168691339,2.582588128,2.46122411,2.292702791,2.365556192,2.364685746
Mexico,2.130169342,1.901757558,2.108606157,2.209776657,2.394740153,2.318107511,2.39862085,2.422027348,2.541277434,2.688003906,2.618877856,2.560345155,2.642374768,2.760936817,3.095935571,3.103295671,3.067131298,3.160971159,3.256993406,3.259551574
"Micronesia, Fed. Sts.",8.69618637,8.135027023,7.277088411,6.462138183,7.064856563,7.353309875,8.006993747,7.414073858,9.029862856,9.899822595,11.3112,11.03399209,11.13554688,11.6954023,12.1732852,12.61078232,12.53821521,11.58813926,12.08993842,12.43375207
Moldova,5.815895061,6.709797385,6.075025236,4.323722867,2.901963967,3.229712857,3.207537268,4.040610039,3.967196497,4.182380119,4.176139383,4.718684365,4.919708027,5.389847748,6.059437198,5.621478753,5.311539911,5.517522784,5.031340165,5.303988304
Monaco,2.782804639,2.722031577,2.8387481,2.760402313,2.989907557,2.866187233,2.911772468,2.956788105,3.466538501,3.545130052,3.528936649,3.360320254,2.952654785,3.189777596,3.8011579,3.896460373,3.705257089,3.764195008,3.554960152,3.841098459
Mongolia,2.598917911,3.033889337,3.06342556,3.481327483,3.417399945,3.828286275,3.89985284,3.455279064,2.918031289,2.92676436,2.484591225,2.396913592,2.736412235,3.18351906,2.768372713,2.654478067,2.595706257,2.260514895,2.21159453,2.620572882
Montenegro,5.196505917,5.196505919,5.196505921,5.196505916,5.196505922,5.19650592,5.957184769,5.880242121,6.663011347,6.232366723,6.022940018,5.613499871,4.547821704,3.991796787,3.61393065,4.173469442,4.186590285,4.472378392,3.719088236,3.66738093
Morocco,1.184133718,1.14335155,1.073390243,1.179102117,1.149141903,1.229737845,1.427759227,1.378808948,1.39499543,1.429529802,1.438925867,1.714402504,1.898077318,1.891971766,2.046396065,2.067572037,2.08777206,2.181466365,1.95774948,2.001326276
Mozambique,3.396556179,2.598261241,2.955873935,2.968476834,3.5660975,4.311883073,3.967596109,4.488862031,4.108240978,3.521927947,4.306135066,3.950981842,3.100005096,2.606804503,2.515159938,3.018102826,2.664577733,2.776382768,3.119087626,3.936734776
Myanmar,0.40560317,0.33454759,0.262807177,0.168293493,0.170964179,0.260997171,0.224982015,0.313588382,0.243334548,0.266961522,0.164974085,0.256312052,0.198195286,0.207554701,0.232553662,0.299251928,0.297624635,0.819629102,0.826846155,1.044899804
Namibia,4.413658721,4.750908805,4.924511725,4.952596648,5.111744353,4.214029426,3.474246902,3.576968668,3.722335405,3.207038753,3.579619723,3.129120087,3.800771171,3.89854309,4.417229575,4.594429367,5.315764414,4.854097749,5.029136422,5.357137699
Nauru,12.33493098,11.59428355,11.82601857,12.56498453,12.3379839,12.54768588,13.31280697,14.53541812,13.45467078,10.64962726,11.61777519,12.57633671,18.10282404,15.60670301,8.727534152,8.454551816,7.110556956,6.523965614,4.192163552,2.867666324
Nepal,1.407378795,1.42214041,1.471027063,2.554396091,1.763231864,1.352123349,1.594463302,1.640840974,1.527687611,1.590326576,1.585328429,2.044874971,2.283125083,2.725698705,2.824395263,2.867317073,3.24209748,2.466854595,2.219902562,2.337819114
Netherlands,5.2868541,4.948234218,5.071556448,4.849467046,4.722084285,4.682621338,4.89473375,5.211920703,5.627419176,5.591158703,6.668937025,7.974464533,7.980489499,8.209741428,8.901516849,9.081296075,9.085857928,9.528421586,9.617134752,9.481132729
New Zealand,5.362051931,5.283706171,5.486240926,5.787903257,5.731562231,5.827839126,5.791984927,6.146520495,6.041511196,6.281577113,6.572475187,6.922995765,6.883399708,8.906984606,9.323010285,9.305461873,9.342877083,9.547666613,9.226556936,9.082656345
Nicaragua,4.175094277,3.794617546,2.577101237,2.772020641,2.433647188,2.881102037,2.835950124,2.995229948,3.46223108,3.389498166,3.45056744,3.473051685,3.792404173,3.830040753,4.286697443,4.288147231,4.081974306,4.260162572,4.420152655,5.095797672
Niger,1.46894782,1.28448572,1.684795603,1.694595142,1.698802813,1.522465482,1.8667212,1.909258365,1.680450313,1.845863957,2.978654315,3.175497048,2.662864682,2.695876794,2.650386504,2.162436939,2.453245216,2.211834697,2.455677176,3.214493821
Nigeria,0.658145013,0.600480921,0.717612288,0.906626186,0.983666146,0.949286025,1.017707351,0.622004345,0.906661784,1.414760439,1.19778681,1.204600858,1.472728808,1.470059403,1.324670016,0.908580697,1.151611248,1.033169532,0.882627256,0.922535127
Norway,6.499858794,6.45280883,6.697116683,7.454887071,7.547604056,6.82382819,7.22396035,8.027209665,8.247464055,7.888860771,7.430282026,7.062887755,7.219227008,7.091172877,8.021737678,7.839228687,7.717230789,7.773855998,8.005414287,8.3096182
Oman,3.060043613,2.984456681,2.782569753,3.018517701,2.893746359,2.51203413,2.528963608,2.654750721,2.629465786,2.437561733,2.130347883,1.864597758,1.968289323,1.586300815,2.300737327,2.269729033,2.039566518,2.079956768,2.408573813,3.190228575
Pakistan,0.655509247,0.715343931,0.655566968,0.5714069,0.55473074,0.608602423,0.551524181,0.80938608,0.648320921,0.677300991,0.685918284,0.788774804,0.798832241,0.839235884,0.802903527,0.954234466,0.919768299,1.018463019,0.994330811,0.918811474
Palau,8.650190111,8.769106997,8.390541575,7.07424594,7.624323455,6.370625003,6.185119046,5.948520709,6.094252874,6.490673575,5.895631066,6.342105263,6.559764148,6.540845072,6.614646468,7.641116751,6.548387094,6.739224139,6.599186992,6.531970262
Panama,5.246581756,4.628785357,4.875049583,4.727189573,4.543351694,5.284626305,5.179758628,5.544147842,5.046701513,5.688574188,5.205403273,4.720779602,4.048878178,4.666452338,5.63276516,5.650021846,5.08973241,4.971519802,5.804010025,5.878366088
Papua New Guinea,2.449537747,2.585706214,2.979204001,3.16658124,3.373244226,3.256162697,5.895055793,6.716728433,6.024920708,7.601456273,5.47058434,5.05912292,3.123843205,3.075413178,3.220881286,3.183410923,4.041347222,3.653279542,3.906003811,3.46554272
Paraguay,2.130023674,2.395655422,2.428081297,2.821045288,3.030939089,3.230628149,2.654111955,2.16010372,1.94949197,2.031570671,2.355197356,2.610014991,2.692186568,2.713075726,3.498680631,3.360902763,3.765919165,4.598601243,4.781259119,4.502240378
Peru,2.400053553,2.439421903,2.266327886,2.571913148,2.829916303,2.720831514,2.83143959,2.825705616,2.690862148,2.543761347,2.69389613,2.392145848,2.414623092,2.452033774,2.983444427,2.794287232,2.624140306,2.846647646,3.045103668,3.31875118
Philippines,1.363656828,1.451424131,1.558107718,1.373206902,1.428355789,1.526761368,1.324443076,1.116642339,1.306200566,1.303131439,1.501648587,1.452187111,1.367826516,1.332745624,1.54867658,1.57369151,1.306362975,1.386256358,1.449217044,1.614685219
Poland,3.905037381,4.224738069,3.983748404,3.828606974,4.032901276,3.852713136,4.210391357,4.497808461,4.349887106,4.242001236,4.298902044,4.313210083,4.420360171,4.935315917,5.097181114,4.902807428,4.710355764,4.577515541,4.534424797,4.507639603
Portugal,4.645839437,5.024970483,5.049986861,5.117457254,5.317930913,6.193279482,6.233144248,6.462405193,6.564295702,6.893400083,6.989928936,6.5834602,6.506712635,6.674037277,7.160521451,7.171492441,6.70065608,6.238911387,6.232155438,6.158189113
Qatar,2.320410504,2.494258485,2.14754465,2.26219926,1.951624173,1.574730065,1.921992478,2.035923049,3.488087043,3.036904014,2.535151656,2.172082184,1.943321168,1.574182634,2.065527913,1.620830863,1.505931408,1.831477673,1.85480107,1.87539141
Romania,2.397777108,2.353719196,3.308796341,2.835291306,3.344160172,3.513699731,3.534191634,3.75783267,4.493384266,4.0521396,4.398723805,4.030785785,4.278891084,4.374197997,4.391968392,4.68660531,4.37807867,4.397386285,4.520294731,4.47447755
Russian Federation,3.962243165,3.965473804,5.026415056,4.308860664,3.585441199,3.246824356,3.328637239,3.530756868,3.298708379,3.090936853,3.230478762,3.35436078,3.452891195,3.520137222,4.159022037,3.696945486,3.58245544,3.795838898,3.707301449,3.690922808
Rwanda,1.639887766,1.875693261,1.853404827,2.558416099,2.083504954,1.65315324,2.138891489,2.182617409,3.345043303,2.875959967,3.199494892,4.98059157,3.780193618,2.830118949,2.402053946,2.928013553,2.810805898,2.835877205,2.925177449,2.86940115
Samoa,3.390716641,3.010723905,3.338794876,3.926948968,4.269501817,4.11544971,3.848022139,3.940851472,3.64949145,3.596860784,3.5879326,3.925566538,4.509782876,3.8248453,4.341031427,4.985224399,5.101682632,4.337641237,6.216667467,6.536868986
San Marino,4.563939183,4.383787117,4.312443337,4.248369167,4.300679912,4.385399883,4.296809438,4.26944922,3.90726845,3.832377435,3.749748449,3.52237298,3.54154425,3.616263881,4.204062797,4.647450421,5.322357589,5.865948338,5.656072233,5.736058813
Sao Tome and Principe,2.805079353,1.966810767,2.938184371,2.909236348,3.856299652,3.823975859,3.792038305,3.845614294,6.03861594,5.138361577,5.29330423,2.541037777,2.13790765,1.592076218,2.507352864,2.537331158,2.605312588,2.48230437,3.586817094,3.612254726
Saudi Arabia,1.543194607,1.617271884,1.752704712,1.945860041,2.803396284,3.051834468,3.25646885,3.090089872,2.89642297,2.561828615,2.4783645,2.641391252,2.507397747,1.889405212,2.788237062,2.265200109,2.495887158,2.752282696,3.100369556,3.490789741
Senegal,1.279853831,1.484014333,1.284259989,1.311168581,1.741001217,1.895541632,2.135240269,1.95048094,2.09132832,2.119257093,2.982437419,3.149901608,2.332512428,2.52752637,2.486263648,2.368547813,2.2798394,2.179866218,2.238315424,2.41795607
Serbia,4.267816797,4.2678168,4.267816797,4.267816803,4.267816797,4.267816797,4.600455039,5.837583113,5.766948594,5.672611076,5.742701002,5.664904304,6.146621793,6.228211971,6.12657588,6.241991647,6.039682906,6.049713244,5.984362308,6.416505605
Seychelles,4.22296599,4.451643869,4.820469327,4.185799521,4.236396955,3.785614663,3.758676506,3.636458774,4.145567132,3.812610542,3.620129416,3.457910989,3.060728801,2.405118358,2.413078163,3.208859751,3.198771679,3.797892539,3.335699444,3.107242732
Sierra Leone,2.388388089,2.163428251,2.513163766,2.047149448,3.064624564,3.49413205,2.824141502,2.964916022,2.784261175,2.683917256,2.676174105,1.961695331,1.645375923,1.7879205,2.207517317,2.396940634,2.646933502,1.980878492,1.694655481,1.883801856
Singapore,1.456150914,1.391903127,1.344772866,1.66411043,1.478290599,1.217784989,0.887039769,1.058966774,1.346161446,1.030256162,1.003758123,1.001090554,0.955389862,1.20049011,1.526597419,1.371428617,1.346479037,1.501077737,1.735920655,2.054683314
Slovak Republic,5.367669133,5.708260171,5.302839859,5.179371767,5.157902597,4.915242275,4.914849534,5.013706746,5.138875209,5.319742082,5.241058358,5.020215772,5.184301959,5.435300051,6.012034516,5.797130372,5.643904536,5.679221056,5.7880822,5.839599202
Slovenia,5.792909005,5.819026492,5.819143855,5.897932514,5.900414841,6.116332806,6.280502195,6.32476385,6.314120889,6.221904529,6.212733313,6.122382991,5.773929574,6.291263918,6.924633682,6.72862594,6.673550483,6.803887187,6.668260437,6.623821787
Solomon Islands,3.013517642,2.784282598,3.047041542,3.277214628,3.544792113,4.299521273,6.162337203,5.8209578,5.537965968,5.180937453,7.370558602,6.205507441,5.954165609,5.522732105,7.453790237,7.022895121,4.696250372,5.094694956,4.99069527,4.640482319
South Africa,3.427740438,3.840620476,3.754993833,3.584417155,3.418376453,3.290839079,3.330803407,3.231917455,3.337994791,3.218086131,3.315898573,3.360932915,3.398527237,3.595345502,3.94739833,3.990053885,4.134083494,4.276293506,4.204760905,4.24326873
Spain,5.373506554,5.400270123,5.314511603,5.284405916,5.269708002,5.16745964,5.155738488,5.168936096,5.727875546,5.79793601,5.875803104,6.005320637,6.098790144,6.512856144,7.209759954,7.173242115,7.001061132,6.734615203,6.502610209,6.399991901
Sri Lanka,1.615371713,1.611450175,1.520769471,1.878021898,1.746711468,1.846321629,1.758209698,1.683336012,1.677615192,2.005508786,1.85010327,1.950059208,1.825976447,1.581524127,1.53517067,1.553803937,1.38092651,1.219599412,2.102564149,1.96395333
St. Kitts and Nevis,3.210272875,3.167420812,2.96495957,3.032258064,3.038774765,2.572590516,2.262442891,2.091861802,2.087233898,1.870509317,1.922186693,2.336683006,2.154610635,2.030668845,2.193108956,2.532022242,2.26067011,2.375174636,2.183728661,2.144605023
St. Lucia,3.044466017,3.540413289,3.011746972,3.089960916,3.086048016,2.875094707,3.243444376,3.267744662,2.943800165,2.948052471,2.895099663,3.114880979,2.979865278,3.573426446,4.401846474,4.034045185,3.262981082,4.207408698,3.535976399,3.599295246
St. Vincent and the Grenadines,3.78040306,3.762662806,3.905015857,3.379166091,3.459666979,3.067373134,2.950634745,3.231535161,3.205529804,3.022706918,2.959042683,3.183551962,3.220120199,3.946405784,4.33049775,3.858236081,4.092983481,4.403446842,4.3086,4.385223105
Sudan,0.785822105,1.113244633,0.891351136,0.947423065,0.763436403,0.887398963,0.755115843,0.783277976,0.883215533,1.080722762,1.091364,1.270562706,1.511842397,2.630955513,2.356734868,2.698468913,2.557343508,1.871795561,1.859793759,1.802361864
Suriname,4.471885239,3.145059885,5.651223383,7.115667758,5.196504662,5.617562667,4.184378634,3.551353558,3.357144868,3.327164526,3.469387753,3.177793139,2.9772981,2.709678901,3.196518003,2.930358668,2.921405525,3.215861695,3.202562051,2.94062408
Swaziland,2.832071581,3.057919606,2.812078497,2.879100714,3.003066511,2.9584121,2.933657283,3.050457301,3.719224901,3.722476568,4.591988907,4.559222042,4.817315257,5.70029508,5.768594859,5.965266384,5.971125925,6.295393134,7.374204078,7.004909495
Sweden,6.901266869,7.128358097,6.888226931,6.962480445,7.027549767,6.943698089,7.188240259,7.513944417,7.634858718,7.395196538,7.354150307,7.259516113,7.254788684,7.521564636,8.100547687,7.718310329,9.914691788,9.955521086,10.05201524,10.02469431
Switzerland,4.999426018,5.292310568,5.313625166,5.381639812,5.51555988,5.492175839,5.852946307,6.123779435,6.379751456,6.400311357,6.459405675,6.141737848,6.032418431,6.703738631,7.209714873,7.09727006,7.200927358,7.498784844,7.733805564,7.695117355
Syrian Arab Republic,2.189237706,1.954094696,1.877760477,1.960923229,2.01442573,1.989779169,2.173051471,2.262242934,2.468338168,2.148408978,2.075568445,1.833546841,1.789651297,1.596476703,1.631376352,1.507165795,1.507165794,1.507165792,1.507165795,1.507165795
Tajikistan,1.289444392,1.296720852,1.601227323,1.141229192,1.040832288,0.946474655,0.949766249,0.906582748,0.910560376,0.94333442,1.143819279,1.129053783,1.184751796,1.371774183,1.478536975,1.594683309,1.71027997,1.87760452,2.067731786,1.983765009
Tanzania,1.367138986,1.174080484,1.127228367,1.009735219,1.120029901,1.145939376,1.769595394,2.106622222,2.573524874,2.565945049,2.965165865,4.763505728,3.038471158,2.435878095,2.109638156,2.072897335,2.486615138,2.790460229,2.565408087,2.589958711
Thailand,1.969442838,2.150730975,2.536894078,2.455703581,2.314820676,2.302887157,2.292282152,3.330872158,3.467646858,3.33413422,3.381277567,3.904107096,4.608862415,4.7146609,4.734495331,4.441559229,4.995567322,5.237115011,5.265840144,5.615380522
Togo,1.514242566,1.476366118,1.263694426,1.522817924,1.420620874,1.420842968,1.25272483,0.906148993,1.441999812,1.684373204,1.898455965,2.259633142,2.157573571,2.416491795,3.278215444,1.938585137,1.655337459,1.947797344,2.148307048,2.01732113
Tonga,2.670824514,2.796863769,3.040161598,3.212721639,3.763892167,3.350358074,4.284100434,3.807919784,4.233041111,4.050934622,5.680380494,4.879183916,4.762818289,4.186537045,3.705109958,3.694868341,3.223524387,3.640530345,4.055624308,4.265698947
Trinidad and Tobago,2.638269986,2.386765057,2.344393146,1.952658896,2.344861306,1.955594898,2.226981196,2.647006573,2.599973229,2.599777231,2.641981687,2.231977302,2.37526743,2.164450301,3.280810679,3.018338697,2.680151372,2.894988852,3.144494274,3.174627521
Tunisia,2.894339986,2.9873341,2.699827512,2.919304872,2.898708402,2.961609952,2.834447949,2.80141766,2.833405347,2.913685908,2.866036298,2.955066218,2.95239633,3.041912298,3.507378856,3.829212473,4.167224012,4.157872526,4.229623294,3.968816495
Turkey,1.76287716,2.007166944,2.244024053,2.5846704,2.913115705,3.114239647,3.512553806,3.786278215,3.839653198,3.826071088,3.696382908,3.971039668,4.095218575,4.435295202,4.922531997,4.412270439,4.205859804,4.1491433,4.225639909,4.193778969
Turkmenistan,1.855828219,2.261439427,3.479223681,3.501250448,2.385819704,3.214627605,2.817917069,2.43147657,2.708526219,2.421430508,2.021050273,1.545548517,1.388148149,0.946836468,1.163073225,1.223637874,1.268097271,1.273376388,1.426002237,1.348530564
Tuvalu,7.960185727,11.27466332,8.08774651,8.614014716,9.221982956,15.66666666,17.26923077,14.3862069,21.65409429,16.74897207,18.23437732,19.25675216,16.85609763,13.26834375,12.69334417,16.62857143,16.84210527,13.64102565,16.475,16.40476191
Uganda,1.419934953,1.413237653,1.434781572,1.895182926,1.658548351,1.837958926,1.980048664,2.105321926,1.948108485,2.265551769,2.36197808,2.472357111,2.461809429,2.302819536,1.814334366,3.118358422,2.633267177,2.15389932,2.087896717,1.801251317
Ukraine,5.088198574,4.78908302,4.193678375,3.540202425,2.942150479,2.895454814,3.072138693,3.514016208,4.042590061,3.869747013,3.811739442,3.884569232,3.930453943,3.825090501,4.292353932,4.421334806,3.729821242,4.12524044,4.150794905,3.604521121
United Arab Emirates,2.081738158,1.948805565,1.948395819,2.056706777,1.917629472,1.677058592,1.944492099,1.713982982,1.67154037,1.45604253,1.36889725,1.382506951,1.555377238,1.921634103,3.034125947,2.834165586,2.732488042,2.550025889,2.557326087,2.636151579
United Kingdom,5.613873295,5.574901951,5.216401283,5.273439395,5.503507084,5.523467366,5.765949885,6.040016206,6.209568,6.482429976,6.658344919,6.826598411,6.794481096,7.220152923,8.162898056,7.94167603,7.765411293,7.80263316,7.780480938,7.578850169
United States,5.909478788,5.891274291,5.830750135,5.676669198,5.613684996,5.653471018,6.074098006,6.423940796,6.618867537,6.69810039,6.722608978,6.882532539,7.01636006,7.367883673,8.014549675,8.079784435,8.07412666,8.042357809,8.045006774,8.278517711
Uruguay,3.880155497,3.424728604,2.61225038,2.586152727,2.918063853,2.711547548,2.314327052,2.044716466,1.753427722,7.293884084,7.069810766,7.245025091,4.593274899,5.297812749,5.352676888,5.372432,5.520950685,5.947088678,6.074635228,6.111484304
Uzbekistan,3.600000003,3.700000001,3.300000002,2.944586692,2.804581287,2.515690816,2.550114107,2.424055326,2.380603702,2.26249735,2.279013274,2.454803389,2.298687476,2.529900054,2.619290185,2.751317156,2.863900619,3.127371453,3.117906257,3.11124825
Vanuatu,2.139305264,1.749746805,2.296830253,3.038570387,2.639952543,2.73692934,2.788550136,2.907660246,3.418927139,3.524656985,3.292996247,3.427445317,3.161681536,3.179891574,3.402322698,4.182597639,3.320178347,3.167396258,3.391475272,4.510749546
"Venezuela, RB",1.803152127,1.482414909,1.387316488,1.466015602,1.83342208,2.163059483,2.340756702,2.151332002,2.079300496,2.158140627,2.153332428,2.221770123,2.464781203,1.230489115,2.496312442,2.088239278,2.33545129,1.675638027,1.542859088,1.542765946
Vietnam,1.757862744,1.632231732,1.604611275,1.731437579,1.717060034,1.513863444,1.627560706,1.447735609,1.551822426,1.393649581,1.419569564,1.94486753,2.563552268,2.131963202,2.569187422,2.960966629,2.805001867,3.722124141,3.796360562,3.820019105
"Yemen, Rep.",1.358739823,1.644500639,1.898410163,2.324037809,2.127391156,2.235285627,2.294180651,2.142648503,2.181730727,1.85433054,1.551116976,1.521601944,1.462789576,1.565018301,1.336697804,1.299130895,1.350446903,1.571627819,1.410009971,1.271870986
Zambia,2.152488857,2.484677806,2.585239318,3.133965084,3.403697035,3.719899923,3.526559211,4.018109627,4.18766916,3.65708439,3.956979007,2.75584562,1.885822023,2.18994158,2.261667785,2.27995642,2.148931957,2.536370459,2.765404719,2.760094545
